2026-08-01 13:00:05 | INFO     | playlist_service.get_playlist_entries | Extrayendo metadatos de playlist: https://www.youtube.com/watch?v=xZkL1Tui2vI&list=RDxZkL1Tui2vI&start_radio=1
2026-08-01 13:00:21 | INFO     | playlist_service.get_playlist_entries | Playlist procesada exitosamente. Videos válidos encontrados: 645
2026-08-01 13:00:21 | DEBUG    | download_manager_service.get_video_info | Obteniendo metadatos para: https://www.youtube.com/watch?v=xZkL1Tui2vI
2026-08-01 13:00:21 | INFO     | playlist_service.get_playlist_entries | Extrayendo metadatos de playlist: https://www.youtube.com/watch?v=xZkL1Tui2vI&list=RDxZkL1Tui2vI&start_radio=1
2026-08-01 13:00:24 | DEBUG    | download_manager_service.get_video_info | Metadatos obtenidos exitosamente para: La Beriso - Traicionero (En Vivo en el Estadio Único)
2026-08-01 13:00:35 | INFO     | playlist_service.get_playlist_entries | Playlist procesada exitosamente. Videos válidos encontrados: 329
2026-08-01 13:00:35 | DEBUG    | download_manager_service.get_video_info | Obteniendo metadatos para: https://www.youtube.com/watch?v=xZkL1Tui2vI
2026-08-01 13:00:36 | DEBUG    | download_manager_service.get_video_info | Metadatos obtenidos exitosamente para: La Beriso - Traicionero (En Vivo en el Estadio Único)
2026-08-01 13:00:36 | DEBUG    | download_manager_service.get_video_info | Obteniendo metadatos para: https://www.youtube.com/watch?v=qkkG6g6vT34
2026-08-01 13:00:37 | DEBUG    | download_manager_service.get_video_info | Metadatos obtenidos exitosamente para: La Beriso - Madrugada (Official Video)
2026-08-01 13:00:37 | DEBUG    | download_manager_service.get_video_info | Obteniendo metadatos para: https://www.youtube.com/watch?v=N0Cd5uDntpY
2026-08-01 13:00:39 | DEBUG    | download_manager_service.get_video_info | Metadatos obtenidos exitosamente para: La Beriso - Otra Noche Más (Official Video)
2026-08-01 13:00:39 | DEBUG    | download_manager_service.get_video_info | Obteniendo metadatos para: https://www.youtube.com/watch?v=CciXZiGZ_lI
2026-08-01 13:00:40 | DEBUG    | download_manager_service.get_video_info | Metadatos obtenidos exitosamente para: La Beriso con Víctor Heredia - Sobreviviendo
2026-08-01 13:00:40 | DEBUG    | download_manager_service.get_video_info | Obteniendo metadatos para: https://www.youtube.com/watch?v=2zqLtAlW8C4
2026-08-01 13:00:41 | DEBUG    | download_manager_service.get_video_info | Metadatos obtenidos exitosamente para: Vicentico - Solo un Momento (En Vivo en Corrientes)
2026-08-01 13:00:41 | DEBUG    | download_manager_service.get_video_info | Obteniendo metadatos para: https://www.youtube.com/watch?v=nsRGCE6qNmQ
2026-08-01 13:00:43 | DEBUG    | download_manager_service.get_video_info | Metadatos obtenidos exitosamente para: Los Autenticos decadentes - El pájaro vió el cielo y se volo / Loco tu forma de ser ("SOMOS")
2026-08-01 13:00:43 | DEBUG    | download_manager_service.get_video_info | Obteniendo metadatos para: https://www.youtube.com/watch?v=3NvM3OyXMWo
2026-08-01 13:00:44 | DEBUG    | download_manager_service.get_video_info | Metadatos obtenidos exitosamente para: Los Caballeros de la Quema - Avanti Morocha
2026-08-01 13:00:44 | DEBUG    | download_manager_service.get_video_info | Obteniendo metadatos para: https://www.youtube.com/watch?v=-8vxXsfbxj4
2026-08-01 13:00:46 | DEBUG    | download_manager_service.get_video_info | Metadatos obtenidos exitosamente para: Mancha de Rolando - Arde la ciudad (video oficial) HD
2026-08-01 13:00:46 | DEBUG    | download_manager_service.get_video_info | Obteniendo metadatos para: https://www.youtube.com/watch?v=kdfkr1WEzIc
2026-08-01 13:00:47 | DEBUG    | download_manager_service.get_video_info | Metadatos obtenidos exitosamente para: Por Mil Noches - AIRBAG -  Video oficial
2026-08-01 13:00:47 | DEBUG    | download_manager_service.get_video_info | Obteniendo metadatos para: https://www.youtube.com/watch?v=ETJcV3rPO_U
2026-08-01 13:00:49 | DEBUG    | download_manager_service.get_video_info | Metadatos obtenidos exitosamente para: Miranda! - Tu misterioso alguien (Video oficial)
2026-08-01 13:00:49 | DEBUG    | download_manager_service.get_video_info | Obteniendo metadatos para: https://www.youtube.com/watch?v=za8EU42wA2o
2026-08-01 13:00:51 | DEBUG    | download_manager_service.get_video_info | Metadatos obtenidos exitosamente para: Los Tipitos & No Te Va Gustar - Campanas en la noche (video oficial)
2026-08-01 13:00:51 | DEBUG    | download_manager_service.get_video_info | Obteniendo metadatos para: https://www.youtube.com/watch?v=H5CJpZGlmFU
2026-08-01 13:00:52 | DEBUG    | download_manager_service.get_video_info | Metadatos obtenidos exitosamente para: La Vela Puerca | Va A Escampar | A Contraluz
2026-08-01 13:00:52 | DEBUG    | download_manager_service.get_video_info | Obteniendo metadatos para: https://www.youtube.com/watch?v=30oa0b2mdUo
2026-08-01 13:00:54 | DEBUG    | download_manager_service.get_video_info | Metadatos obtenidos exitosamente para: No Te Va Gustar - A Las Nueve (Video Oficial)
2026-08-01 13:00:54 | DEBUG    | download_manager_service.get_video_info | Obteniendo metadatos para: https://www.youtube.com/watch?v=uo8qDCDZhK0
2026-08-01 13:00:55 | DEBUG    | download_manager_service.get_video_info | Metadatos obtenidos exitosamente para: La Beriso - Como Olvidarme
2026-08-01 13:00:55 | DEBUG    | download_manager_service.get_video_info | Obteniendo metadatos para: https://www.youtube.com/watch?v=5FGjpmpAenM
2026-08-01 13:00:57 | DEBUG    | download_manager_service.get_video_info | Metadatos obtenidos exitosamente para: Ciro y Los Persas | INSISTO (Video Oficial)
2026-08-01 13:00:57 | DEBUG    | download_manager_service.get_video_info | Obteniendo metadatos para: https://www.youtube.com/watch?v=JLbBrJLdb2E
2026-08-01 13:00:59 | DEBUG    | download_manager_service.get_video_info | Metadatos obtenidos exitosamente para: La Beriso - No Me Olvides (En Vivo en el Estadio River Plate)
2026-08-01 13:00:59 | DEBUG    | download_manager_service.get_video_info | Obteniendo metadatos para: https://www.youtube.com/watch?v=tVvTDVswTxQ
2026-08-01 13:01:00 | DEBUG    | download_manager_service.get_video_info | Metadatos obtenidos exitosamente para: Ji Ji Ji - Estadio Único de La Plata - Indio en Concierto [2008] Full HD
2026-08-01 13:01:00 | DEBUG    | download_manager_service.get_video_info | Obteniendo metadatos para: https://www.youtube.com/watch?v=p4A7iNgk2ok
2026-08-01 13:01:01 | DEBUG    | download_manager_service.get_video_info | Metadatos obtenidos exitosamente para: Andrés Calamaro - Vasos vacíos. Made in Argentina. Directo 2005
2026-08-01 13:01:01 | DEBUG    | download_manager_service.get_video_info | Obteniendo metadatos para: https://www.youtube.com/watch?v=W55nd3X12es
2026-08-01 13:01:03 | DEBUG    | download_manager_service.get_video_info | Metadatos obtenidos exitosamente para: Los Auténticos decadentes - Loco tu forma de ser (DVD vivo "Hecho en México" HD
2026-08-01 13:01:03 | DEBUG    | download_manager_service.get_video_info | Obteniendo metadatos para: https://www.youtube.com/watch?v=QVmXj0nfpr4
2026-08-01 13:01:04 | DEBUG    | download_manager_service.get_video_info | Metadatos obtenidos exitosamente para: AHYRE - LA NOCHE SIN TÍ (VIVO)
2026-08-01 13:01:04 | DEBUG    | download_manager_service.get_video_info | Obteniendo metadatos para: https://www.youtube.com/watch?v=34Ew-QS8_I4
2026-08-01 13:01:06 | DEBUG    | download_manager_service.get_video_info | Metadatos obtenidos exitosamente para: La Beriso - Corazón Duro ft. Bronco
2026-08-01 13:01:06 | DEBUG    | download_manager_service.get_video_info | Obteniendo metadatos para: https://www.youtube.com/watch?v=_8LHnLFwrtA
2026-08-01 13:01:07 | DEBUG    | download_manager_service.get_video_info | Metadatos obtenidos exitosamente para: TAN BIONICA - La Melodia de Dios (Official Lyric Video)
2026-08-01 13:01:07 | DEBUG    | download_manager_service.get_video_info | Obteniendo metadatos para: https://www.youtube.com/watch?v=-72BiJv09Is
2026-08-01 13:01:08 | DEBUG    | download_manager_service.get_video_info | Metadatos obtenidos exitosamente para: Guasones - Tan distintos Ft. M-Clan (video oficial)
2026-08-01 13:01:08 | DEBUG    | download_manager_service.get_video_info | Obteniendo metadatos para: https://www.youtube.com/watch?v=TJkmo1PzfJg
2026-08-01 13:01:10 | DEBUG    | download_manager_service.get_video_info | Metadatos obtenidos exitosamente para: Turf - Pasos al costado (video oficial) HD
2026-08-01 13:01:10 | DEBUG    | download_manager_service.get_video_info | Obteniendo metadatos para: https://www.youtube.com/watch?v=YSflLkVEvTk
2026-08-01 13:01:11 | DEBUG    | download_manager_service.get_video_info | Metadatos obtenidos exitosamente para: No Te Va Gustar - Al Vacío (Video Oficial)
2026-08-01 13:01:11 | DEBUG    | download_manager_service.get_video_info | Obteniendo metadatos para: https://www.youtube.com/watch?v=GBsRPUxMkkw
2026-08-01 13:01:13 | DEBUG    | download_manager_service.get_video_info | Metadatos obtenidos exitosamente para: No Te Va Gustar - Tan Lejos (Video Oficial)
2026-08-01 13:01:13 | DEBUG    | download_manager_service.get_video_info | Obteniendo metadatos para: https://www.youtube.com/watch?v=FAHYQqqnHv8
2026-08-01 13:01:14 | DEBUG    | download_manager_service.get_video_info | Metadatos obtenidos exitosamente para: Coti - Días
2026-08-01 13:01:14 | DEBUG    | download_manager_service.get_video_info | Obteniendo metadatos para: https://www.youtube.com/watch?v=VoGwvVoaoCw
2026-08-01 13:01:15 | DEBUG    | download_manager_service.get_video_info | Metadatos obtenidos exitosamente para: Soda Stereo - En La Ciudad De La Furia (Gira Me Verás Volver)
2026-08-01 13:01:15 | DEBUG    | download_manager_service.get_video_info | Obteniendo metadatos para: https://www.youtube.com/watch?v=2Cql8mG4kWM
2026-08-01 13:01:17 | DEBUG    | download_manager_service.get_video_info | Metadatos obtenidos exitosamente para: Attaque 77 - Arrancacorazones (Letra)
2026-08-01 13:01:17 | DEBUG    | download_manager_service.get_video_info | Obteniendo metadatos para: https://www.youtube.com/watch?v=RqbO0_qqSl0
2026-08-01 13:01:19 | DEBUG    | download_manager_service.get_video_info | Metadatos obtenidos exitosamente para: Los Caballeros de la Quema - Sapo de Otro Pozo (En Vivo Provincia Emergente)
2026-08-01 13:01:19 | DEBUG    | download_manager_service.get_video_info | Obteniendo metadatos para: https://www.youtube.com/watch?v=zfAEkjNtPho
2026-08-01 13:01:20 | DEBUG    | download_manager_service.get_video_info | Metadatos obtenidos exitosamente para: Andrés Calamaro - Flaca. Made in Argentina. Directo 2005
2026-08-01 13:01:20 | DEBUG    | download_manager_service.get_video_info | Obteniendo metadatos para: https://www.youtube.com/watch?v=6NmR9mBs9RE
2026-08-01 13:01:22 | DEBUG    | download_manager_service.get_video_info | Metadatos obtenidos exitosamente para: Andrés Calamaro - La parte de adelante. Made in Argentina. Directo 2005
2026-08-01 13:01:22 | DEBUG    | download_manager_service.get_video_info | Obteniendo metadatos para: https://www.youtube.com/watch?v=LfyBZooTlVc
2026-08-01 13:01:23 | DEBUG    | download_manager_service.get_video_info | Metadatos obtenidos exitosamente para: La Vela Puerca - Zafar (DVD "Festejar para sobrevivir, 20 Años")
2026-08-01 13:01:23 | DEBUG    | download_manager_service.get_video_info | Obteniendo metadatos para: https://www.youtube.com/watch?v=AqKdHcQNWnM
2026-08-01 13:01:25 | DEBUG    | download_manager_service.get_video_info | Metadatos obtenidos exitosamente para: Callejeros - Prohibido (Lyric)
2026-08-01 13:01:25 | DEBUG    | download_manager_service.get_video_info | Obteniendo metadatos para: https://www.youtube.com/watch?v=y7kudMJiscw
2026-08-01 13:01:26 | DEBUG    | download_manager_service.get_video_info | Metadatos obtenidos exitosamente para: Callejeros - Una Nueva Noche Fría (Vivo)
2026-08-01 13:01:26 | DEBUG    | download_manager_service.get_video_info | Obteniendo metadatos para: https://www.youtube.com/watch?v=f2YwQ9AGFd8
2026-08-01 13:01:28 | DEBUG    | download_manager_service.get_video_info | Metadatos obtenidos exitosamente para: Ciro y los Persas | ME GUSTA (Video Oficial)
2026-08-01 13:01:28 | DEBUG    | download_manager_service.get_video_info | Obteniendo metadatos para: https://www.youtube.com/watch?v=MWwaih5U710
2026-08-01 13:01:29 | DEBUG    | download_manager_service.get_video_info | Metadatos obtenidos exitosamente para: Callejeros - Rocanroles sin Destino (En Vivo Obras)
2026-08-01 13:01:29 | DEBUG    | download_manager_service.get_video_info | Obteniendo metadatos para: https://www.youtube.com/watch?v=BTDuqwNO6as
2026-08-01 13:01:31 | DEBUG    | download_manager_service.get_video_info | Metadatos obtenidos exitosamente para: Vicentico - Paisaje (En Vivo en Corrientes)
2026-08-01 13:01:31 | DEBUG    | download_manager_service.get_video_info | Obteniendo metadatos para: https://www.youtube.com/watch?v=M05xCP34uUw
2026-08-01 13:01:32 | DEBUG    | download_manager_service.get_video_info | Metadatos obtenidos exitosamente para: Las Pastillas Del Abuelo - Rompecabezas De Amor...
2026-08-01 13:01:32 | DEBUG    | download_manager_service.get_video_info | Obteniendo metadatos para: https://www.youtube.com/watch?v=csx53ZqoQqI
2026-08-01 13:01:34 | DEBUG    | download_manager_service.get_video_info | Metadatos obtenidos exitosamente para: Dread Mar I - Así Fue (En Vivo)
2026-08-01 13:01:34 | DEBUG    | download_manager_service.get_video_info | Obteniendo metadatos para: https://www.youtube.com/watch?v=S0lBe9ww5eQ
2026-08-01 13:01:35 | DEBUG    | download_manager_service.get_video_info | Metadatos obtenidos exitosamente para: Los Auténticos Decadentes - Un osito de peluche de Taiwán (en vivo) OFICIAL
2026-08-01 13:01:35 | DEBUG    | download_manager_service.get_video_info | Obteniendo metadatos para: https://www.youtube.com/watch?v=BQAKKp6ziD0
2026-08-01 13:01:36 | DEBUG    | download_manager_service.get_video_info | Metadatos obtenidos exitosamente para: Enanitos Verdes - Tu Carcel (En Vivo Desde Mexico 2004)
2026-08-01 13:01:36 | DEBUG    | download_manager_service.get_video_info | Obteniendo metadatos para: https://www.youtube.com/watch?v=QRDdx2wq_-g
2026-08-01 13:01:38 | DEBUG    | download_manager_service.get_video_info | Metadatos obtenidos exitosamente para: Los Tipitos - Silencio (video oficial) [HD]
2026-08-01 13:01:38 | DEBUG    | download_manager_service.get_video_info | Obteniendo metadatos para: https://www.youtube.com/watch?v=-VCgM0peC8E
2026-08-01 13:01:39 | DEBUG    | download_manager_service.get_video_info | Metadatos obtenidos exitosamente para: Coti - Luz De Día (Live Gran Rex 2015)
2026-08-01 13:01:39 | DEBUG    | download_manager_service.get_video_info | Obteniendo metadatos para: https://www.youtube.com/watch?v=t3_v81Vsri8
2026-08-01 13:01:40 | DEBUG    | download_manager_service.get_video_info | Metadatos obtenidos exitosamente para: Campanas en la Noche
2026-08-01 13:01:40 | DEBUG    | download_manager_service.get_video_info | Obteniendo metadatos para: https://www.youtube.com/watch?v=yQcaUpZZ-18
2026-08-01 13:01:42 | DEBUG    | download_manager_service.get_video_info | Metadatos obtenidos exitosamente para: Ciro y Los Persas | ASTROS  (Registro Oficial de la Grabación)
2026-08-01 13:01:42 | DEBUG    | download_manager_service.get_video_info | Obteniendo metadatos para: https://www.youtube.com/watch?v=3J8eJJ1VnHk
2026-08-01 13:01:43 | DEBUG    | download_manager_service.get_video_info | Metadatos obtenidos exitosamente para: La Beriso - Ella (Official Video)
2026-08-01 13:01:43 | DEBUG    | download_manager_service.get_video_info | Obteniendo metadatos para: https://www.youtube.com/watch?v=lraUN_y93uw
2026-08-01 13:01:44 | DEBUG    | download_manager_service.get_video_info | Metadatos obtenidos exitosamente para: Guasones - Reyes de la noche (AUDIO)
2026-08-01 13:01:44 | DEBUG    | download_manager_service.get_video_info | Obteniendo metadatos para: https://www.youtube.com/watch?v=_SKaPv4DVgE
2026-08-01 13:01:46 | DEBUG    | download_manager_service.get_video_info | Metadatos obtenidos exitosamente para: Turf - Magia blanca (video oficial) HD
2026-08-01 13:01:46 | DEBUG    | download_manager_service.get_video_info | Obteniendo metadatos para: https://www.youtube.com/watch?v=x-X3cSr6bKU
2026-08-01 13:01:47 | DEBUG    | download_manager_service.get_video_info | Metadatos obtenidos exitosamente para: LOS RODRIGUEZ - Mi Enfermedad (video clip)
2026-08-01 13:01:47 | DEBUG    | download_manager_service.get_video_info | Obteniendo metadatos para: https://www.youtube.com/watch?v=ue0RP3C1Brg
2026-08-01 13:01:49 | DEBUG    | download_manager_service.get_video_info | Metadatos obtenidos exitosamente para: AIRBAG - NUNCA LO OLVIDES
2026-08-01 13:01:49 | DEBUG    | download_manager_service.get_video_info | Obteniendo metadatos para: https://www.youtube.com/watch?v=U3PUjIy6X_Q
2026-08-01 13:01:51 | DEBUG    | download_manager_service.get_video_info | Metadatos obtenidos exitosamente para: AIRBAG - Cicatrices - Mentira La Verdad
2026-08-01 13:01:51 | DEBUG    | download_manager_service.get_video_info | Obteniendo metadatos para: https://www.youtube.com/watch?v=extN3AdocCc
2026-08-01 13:01:52 | DEBUG    | download_manager_service.get_video_info | Metadatos obtenidos exitosamente para: Árbol - El Fantasma
2026-08-01 13:01:52 | DEBUG    | download_manager_service.get_video_info | Obteniendo metadatos para: https://www.youtube.com/watch?v=I8cnKNB2WIk
2026-08-01 13:01:54 | DEBUG    | download_manager_service.get_video_info | Metadatos obtenidos exitosamente para: La Franela - Hacer un puente (video oficial) HD
2026-08-01 13:01:54 | DEBUG    | download_manager_service.get_video_info | Obteniendo metadatos para: https://www.youtube.com/watch?v=7K8q9Xh_aJw
2026-08-01 13:01:55 | DEBUG    | download_manager_service.get_video_info | Metadatos obtenidos exitosamente para: Estelares - Ella dijo (video oficial) [HD]
2026-08-01 13:01:55 | DEBUG    | download_manager_service.get_video_info | Obteniendo metadatos para: https://www.youtube.com/watch?v=GPeiU6RqIjA
2026-08-01 13:01:57 | DEBUG    | download_manager_service.get_video_info | Metadatos obtenidos exitosamente para: Las Pelotas - Será (video oficial) HD
2026-08-01 13:01:57 | DEBUG    | download_manager_service.get_video_info | Obteniendo metadatos para: https://www.youtube.com/watch?v=CJkgBc2S5oY
2026-08-01 13:01:58 | DEBUG    | download_manager_service.get_video_info | Metadatos obtenidos exitosamente para: Divididos - Que Ves?
2026-08-01 13:01:58 | DEBUG    | download_manager_service.get_video_info | Obteniendo metadatos para: https://www.youtube.com/watch?v=VC5NaNsR7-8
2026-08-01 13:02:00 | DEBUG    | download_manager_service.get_video_info | Metadatos obtenidos exitosamente para: La Renga - Balada Del Diablo y La Muerte (Audio)
2026-08-01 13:02:00 | DEBUG    | download_manager_service.get_video_info | Obteniendo metadatos para: https://www.youtube.com/watch?v=hV1Mswnw1Qo
2026-08-01 13:02:01 | DEBUG    | download_manager_service.get_video_info | Metadatos obtenidos exitosamente para: La Beriso - Perdoname (En Vivo en el Luna Park)
2026-08-01 13:02:01 | DEBUG    | download_manager_service.get_video_info | Obteniendo metadatos para: https://www.youtube.com/watch?v=bUvy033H4LA
2026-08-01 13:02:03 | DEBUG    | download_manager_service.get_video_info | Metadatos obtenidos exitosamente para: No Te Va Gustar - Cero a la Izquierda EN VIVO (video oficial)
2026-08-01 13:16:29 | INFO     | playlist_service.get_playlist_entries | Extrayendo metadatos de playlist: https://www.youtube.com/watch?v=xZkL1Tui2vI&list=RDxZkL1Tui2vI&start_radio=1
2026-08-01 13:16:41 | INFO     | playlist_service.get_playlist_entries | Playlist procesada exitosamente. Videos válidos encontrados: 332
2026-08-01 13:16:41 | DEBUG    | download_manager_service.get_video_info | Obteniendo metadatos para: https://www.youtube.com/watch?v=xZkL1Tui2vI
2026-08-01 13:16:44 | DEBUG    | download_manager_service.get_video_info | Metadatos obtenidos exitosamente para: La Beriso - Traicionero (En Vivo en el Estadio Único)
2026-08-01 13:16:44 | DEBUG    | download_manager_service.get_video_info | Obteniendo metadatos para: https://www.youtube.com/watch?v=qkkG6g6vT34
2026-08-01 13:16:46 | DEBUG    | download_manager_service.get_video_info | Metadatos obtenidos exitosamente para: La Beriso - Madrugada (Official Video)
2026-08-01 13:16:46 | DEBUG    | download_manager_service.get_video_info | Obteniendo metadatos para: https://www.youtube.com/watch?v=N0Cd5uDntpY
2026-08-01 13:16:47 | DEBUG    | download_manager_service.get_video_info | Metadatos obtenidos exitosamente para: La Beriso - Otra Noche Más (Official Video)
2026-08-01 13:16:47 | DEBUG    | download_manager_service.get_video_info | Obteniendo metadatos para: https://www.youtube.com/watch?v=j7uxvgJcWqc
2026-08-01 13:16:49 | DEBUG    | download_manager_service.get_video_info | Metadatos obtenidos exitosamente para: No Te Va Gustar - A las nueve
2026-08-01 13:16:49 | DEBUG    | download_manager_service.get_video_info | Obteniendo metadatos para: https://www.youtube.com/watch?v=2zqLtAlW8C4
2026-08-01 13:16:51 | DEBUG    | download_manager_service.get_video_info | Metadatos obtenidos exitosamente para: Vicentico - Solo un Momento (En Vivo en Corrientes)
2026-08-01 13:16:51 | DEBUG    | download_manager_service.get_video_info | Obteniendo metadatos para: https://www.youtube.com/watch?v=JLbBrJLdb2E
2026-08-01 13:16:52 | DEBUG    | download_manager_service.get_video_info | Metadatos obtenidos exitosamente para: La Beriso - No Me Olvides (En Vivo en el Estadio River Plate)
2026-08-01 13:16:52 | DEBUG    | download_manager_service.get_video_info | Obteniendo metadatos para: https://www.youtube.com/watch?v=tVvTDVswTxQ
2026-08-01 13:16:53 | DEBUG    | download_manager_service.get_video_info | Metadatos obtenidos exitosamente para: Ji Ji Ji - Estadio Único de La Plata - Indio en Concierto [2008] Full HD
2026-08-01 13:16:53 | DEBUG    | download_manager_service.get_video_info | Obteniendo metadatos para: https://www.youtube.com/watch?v=-8vxXsfbxj4
2026-08-01 13:16:55 | DEBUG    | download_manager_service.get_video_info | Metadatos obtenidos exitosamente para: Mancha de Rolando - Arde la ciudad (video oficial) HD
2026-08-01 13:16:55 | DEBUG    | download_manager_service.get_video_info | Obteniendo metadatos para: https://www.youtube.com/watch?v=3NvM3OyXMWo
2026-08-01 13:16:56 | DEBUG    | download_manager_service.get_video_info | Metadatos obtenidos exitosamente para: Los Caballeros de la Quema - Avanti Morocha
2026-08-01 13:16:56 | DEBUG    | download_manager_service.get_video_info | Obteniendo metadatos para: https://www.youtube.com/watch?v=nsRGCE6qNmQ
2026-08-01 13:16:58 | DEBUG    | download_manager_service.get_video_info | Metadatos obtenidos exitosamente para: Los Autenticos decadentes - El pájaro vió el cielo y se volo / Loco tu forma de ser ("SOMOS")
2026-08-01 13:16:58 | DEBUG    | download_manager_service.get_video_info | Obteniendo metadatos para: https://www.youtube.com/watch?v=LfyBZooTlVc
2026-08-01 13:16:59 | DEBUG    | download_manager_service.get_video_info | Metadatos obtenidos exitosamente para: La Vela Puerca - Zafar (DVD "Festejar para sobrevivir, 20 Años")
2026-08-01 13:16:59 | DEBUG    | download_manager_service.get_video_info | Obteniendo metadatos para: https://www.youtube.com/watch?v=oTpEBaqM3kQ
2026-08-01 13:17:01 | DEBUG    | download_manager_service.get_video_info | Metadatos obtenidos exitosamente para: Ciro y Los Persas | VAS A BAILAR (Video Oficial)
2026-08-01 13:17:01 | DEBUG    | download_manager_service.get_video_info | Obteniendo metadatos para: https://www.youtube.com/watch?v=3J8eJJ1VnHk
2026-08-01 13:17:02 | DEBUG    | download_manager_service.get_video_info | Metadatos obtenidos exitosamente para: La Beriso - Ella (Official Video)
2026-08-01 13:17:02 | DEBUG    | download_manager_service.get_video_info | Obteniendo metadatos para: https://www.youtube.com/watch?v=f2YwQ9AGFd8
2026-08-01 13:17:03 | DEBUG    | download_manager_service.get_video_info | Metadatos obtenidos exitosamente para: Ciro y los Persas | ME GUSTA (Video Oficial)
2026-08-01 13:17:03 | DEBUG    | download_manager_service.get_video_info | Obteniendo metadatos para: https://www.youtube.com/watch?v=kdfkr1WEzIc
2026-08-01 13:17:05 | DEBUG    | download_manager_service.get_video_info | Metadatos obtenidos exitosamente para: Por Mil Noches - AIRBAG -  Video oficial
2026-08-01 13:17:05 | DEBUG    | download_manager_service.get_video_info | Obteniendo metadatos para: https://www.youtube.com/watch?v=FAHYQqqnHv8
2026-08-01 13:17:06 | DEBUG    | download_manager_service.get_video_info | Metadatos obtenidos exitosamente para: Coti - Días
2026-08-01 13:17:06 | DEBUG    | download_manager_service.get_video_info | Obteniendo metadatos para: https://www.youtube.com/watch?v=VoGwvVoaoCw
2026-08-01 13:17:07 | DEBUG    | download_manager_service.get_video_info | Metadatos obtenidos exitosamente para: Soda Stereo - En La Ciudad De La Furia (Gira Me Verás Volver)
2026-08-01 13:17:07 | DEBUG    | download_manager_service.get_video_info | Obteniendo metadatos para: https://www.youtube.com/watch?v=--kCD9UyhuE
2026-08-01 13:17:09 | DEBUG    | download_manager_service.get_video_info | Metadatos obtenidos exitosamente para: AIRBAG - Por mil noches - Vivo en Velez (Live at Velez Stadium)
2026-08-01 13:17:09 | DEBUG    | download_manager_service.get_video_info | Obteniendo metadatos para: https://www.youtube.com/watch?v=hV1Mswnw1Qo
2026-08-01 13:17:10 | DEBUG    | download_manager_service.get_video_info | Metadatos obtenidos exitosamente para: La Beriso - Perdoname (En Vivo en el Luna Park)
2026-08-01 13:17:10 | DEBUG    | download_manager_service.get_video_info | Obteniendo metadatos para: https://www.youtube.com/watch?v=QVmXj0nfpr4
2026-08-01 13:17:11 | DEBUG    | download_manager_service.get_video_info | Metadatos obtenidos exitosamente para: AHYRE - LA NOCHE SIN TÍ (VIVO)
2026-08-01 13:17:11 | DEBUG    | download_manager_service.get_video_info | Obteniendo metadatos para: https://www.youtube.com/watch?v=-VCgM0peC8E
2026-08-01 13:17:13 | DEBUG    | download_manager_service.get_video_info | Metadatos obtenidos exitosamente para: Coti - Luz De Día (Live Gran Rex 2015)
2026-08-01 13:17:13 | DEBUG    | download_manager_service.get_video_info | Obteniendo metadatos para: https://www.youtube.com/watch?v=za8EU42wA2o
2026-08-01 13:17:14 | DEBUG    | download_manager_service.get_video_info | Metadatos obtenidos exitosamente para: Los Tipitos & No Te Va Gustar - Campanas en la noche (video oficial)
2026-08-01 13:17:14 | DEBUG    | download_manager_service.get_video_info | Obteniendo metadatos para: https://www.youtube.com/watch?v=H5CJpZGlmFU
2026-08-01 13:17:16 | DEBUG    | download_manager_service.get_video_info | Metadatos obtenidos exitosamente para: La Vela Puerca | Va A Escampar | A Contraluz
2026-08-01 13:17:16 | DEBUG    | download_manager_service.get_video_info | Obteniendo metadatos para: https://www.youtube.com/watch?v=MWwaih5U710
2026-08-01 13:17:17 | DEBUG    | download_manager_service.get_video_info | Metadatos obtenidos exitosamente para: Callejeros - Rocanroles sin Destino (En Vivo Obras)
2026-08-01 13:17:17 | DEBUG    | download_manager_service.get_video_info | Obteniendo metadatos para: https://www.youtube.com/watch?v=p4A7iNgk2ok
2026-08-01 13:17:18 | DEBUG    | download_manager_service.get_video_info | Metadatos obtenidos exitosamente para: Andrés Calamaro - Vasos vacíos. Made in Argentina. Directo 2005
2026-08-01 13:17:18 | DEBUG    | download_manager_service.get_video_info | Obteniendo metadatos para: https://www.youtube.com/watch?v=W55nd3X12es
2026-08-01 13:17:20 | DEBUG    | download_manager_service.get_video_info | Metadatos obtenidos exitosamente para: Los Auténticos decadentes - Loco tu forma de ser (DVD vivo "Hecho en México" HD
2026-08-01 13:17:20 | DEBUG    | download_manager_service.get_video_info | Obteniendo metadatos para: https://www.youtube.com/watch?v=ETJcV3rPO_U
2026-08-01 13:17:22 | DEBUG    | download_manager_service.get_video_info | Metadatos obtenidos exitosamente para: Miranda! - Tu misterioso alguien (Video oficial)
2026-08-01 13:17:22 | DEBUG    | download_manager_service.get_video_info | Obteniendo metadatos para: https://www.youtube.com/watch?v=TJkmo1PzfJg
2026-08-01 13:17:23 | DEBUG    | download_manager_service.get_video_info | Metadatos obtenidos exitosamente para: Turf - Pasos al costado (video oficial) HD
2026-08-01 13:17:23 | DEBUG    | download_manager_service.get_video_info | Obteniendo metadatos para: https://www.youtube.com/watch?v=GBsRPUxMkkw
2026-08-01 13:17:24 | DEBUG    | download_manager_service.get_video_info | Metadatos obtenidos exitosamente para: No Te Va Gustar - Tan Lejos (Video Oficial)
2026-08-01 13:17:24 | DEBUG    | download_manager_service.get_video_info | Obteniendo metadatos para: https://www.youtube.com/watch?v=QRDdx2wq_-g
2026-08-01 13:17:26 | DEBUG    | download_manager_service.get_video_info | Metadatos obtenidos exitosamente para: Los Tipitos - Silencio (video oficial) [HD]
2026-08-01 13:17:26 | DEBUG    | download_manager_service.get_video_info | Obteniendo metadatos para: https://www.youtube.com/watch?v=CciXZiGZ_lI
2026-08-01 13:17:27 | DEBUG    | download_manager_service.get_video_info | Metadatos obtenidos exitosamente para: La Beriso con Víctor Heredia - Sobreviviendo
2026-08-01 13:17:27 | DEBUG    | download_manager_service.get_video_info | Obteniendo metadatos para: https://www.youtube.com/watch?v=yKOVZVKcWgU
2026-08-01 13:17:28 | DEBUG    | download_manager_service.get_video_info | Metadatos obtenidos exitosamente para: Pensamientos
2026-08-01 13:17:28 | DEBUG    | download_manager_service.get_video_info | Obteniendo metadatos para: https://www.youtube.com/watch?v=V7q1jN7k5lg
2026-08-01 13:17:29 | DEBUG    | download_manager_service.get_video_info | Metadatos obtenidos exitosamente para: Rata Blanca - Mujer Amante
2026-08-01 13:17:29 | DEBUG    | download_manager_service.get_video_info | Obteniendo metadatos para: https://www.youtube.com/watch?v=y7kudMJiscw
2026-08-01 13:17:31 | DEBUG    | download_manager_service.get_video_info | Metadatos obtenidos exitosamente para: Callejeros - Una Nueva Noche Fría (Vivo)
2026-08-01 13:17:31 | DEBUG    | download_manager_service.get_video_info | Obteniendo metadatos para: https://www.youtube.com/watch?v=AqKdHcQNWnM
2026-08-01 13:17:32 | DEBUG    | download_manager_service.get_video_info | Metadatos obtenidos exitosamente para: Callejeros - Prohibido (Lyric)
2026-08-01 13:17:32 | DEBUG    | download_manager_service.get_video_info | Obteniendo metadatos para: https://www.youtube.com/watch?v=yQcaUpZZ-18
2026-08-01 13:17:33 | DEBUG    | download_manager_service.get_video_info | Metadatos obtenidos exitosamente para: Ciro y Los Persas | ASTROS  (Registro Oficial de la Grabación)
2026-08-01 13:17:34 | DEBUG    | download_manager_service.get_video_info | Obteniendo metadatos para: https://www.youtube.com/watch?v=lraUN_y93uw
2026-08-01 13:17:35 | DEBUG    | download_manager_service.get_video_info | Metadatos obtenidos exitosamente para: Guasones - Reyes de la noche (AUDIO)
2026-08-01 13:17:35 | DEBUG    | download_manager_service.get_video_info | Obteniendo metadatos para: https://www.youtube.com/watch?v=6NmR9mBs9RE
2026-08-01 13:17:36 | DEBUG    | download_manager_service.get_video_info | Metadatos obtenidos exitosamente para: Andrés Calamaro - La parte de adelante. Made in Argentina. Directo 2005
2026-08-01 13:17:36 | DEBUG    | download_manager_service.get_video_info | Obteniendo metadatos para: https://www.youtube.com/watch?v=RqbO0_qqSl0
2026-08-01 13:17:37 | DEBUG    | download_manager_service.get_video_info | Metadatos obtenidos exitosamente para: Los Caballeros de la Quema - Sapo de Otro Pozo (En Vivo Provincia Emergente)
2026-08-01 13:17:37 | DEBUG    | download_manager_service.get_video_info | Obteniendo metadatos para: https://www.youtube.com/watch?v=2Cql8mG4kWM
2026-08-01 13:17:39 | DEBUG    | download_manager_service.get_video_info | Metadatos obtenidos exitosamente para: Attaque 77 - Arrancacorazones (Letra)
2026-08-01 13:17:39 | DEBUG    | download_manager_service.get_video_info | Obteniendo metadatos para: https://www.youtube.com/watch?v=bn6bF4j_3lc
2026-08-01 13:17:40 | DEBUG    | download_manager_service.get_video_info | Metadatos obtenidos exitosamente para: No Te Va Gustar - Al vacío
2026-08-01 13:17:40 | DEBUG    | download_manager_service.get_video_info | Obteniendo metadatos para: https://www.youtube.com/watch?v=TbPJMBZykoY
2026-08-01 13:17:41 | DEBUG    | download_manager_service.get_video_info | Metadatos obtenidos exitosamente para: NO TE VA GUSTAR - Ese Maldito Momento (Videoclip Oficial)
2026-08-01 13:17:41 | DEBUG    | download_manager_service.get_video_info | Obteniendo metadatos para: https://www.youtube.com/watch?v=vAdm8Bct9XM
2026-08-01 13:17:42 | DEBUG    | download_manager_service.get_video_info | Metadatos obtenidos exitosamente para: No Me Olvides
2026-08-01 13:17:42 | DEBUG    | download_manager_service.get_video_info | Obteniendo metadatos para: https://www.youtube.com/watch?v=_8LHnLFwrtA
2026-08-01 13:17:44 | DEBUG    | download_manager_service.get_video_info | Metadatos obtenidos exitosamente para: TAN BIONICA - La Melodia de Dios (Official Lyric Video)
2026-08-01 13:17:44 | DEBUG    | download_manager_service.get_video_info | Obteniendo metadatos para: https://www.youtube.com/watch?v=t3_v81Vsri8
2026-08-01 13:17:45 | DEBUG    | download_manager_service.get_video_info | Metadatos obtenidos exitosamente para: Campanas en la Noche
2026-08-01 13:17:45 | DEBUG    | download_manager_service.get_video_info | Obteniendo metadatos para: https://www.youtube.com/watch?v=BQAKKp6ziD0
2026-08-01 13:17:47 | DEBUG    | download_manager_service.get_video_info | Metadatos obtenidos exitosamente para: Enanitos Verdes - Tu Carcel (En Vivo Desde Mexico 2004)
2026-08-01 13:17:47 | DEBUG    | download_manager_service.get_video_info | Obteniendo metadatos para: https://www.youtube.com/watch?v=wwHI2IdyS-4
2026-08-01 13:17:48 | DEBUG    | download_manager_service.get_video_info | Metadatos obtenidos exitosamente para: La Beriso - Flores (En Vivo en el Luna Park)
2026-08-01 13:17:48 | DEBUG    | download_manager_service.get_video_info | Obteniendo metadatos para: https://www.youtube.com/watch?v=x8FbyTJ6tgo
2026-08-01 13:17:50 | DEBUG    | download_manager_service.get_video_info | Metadatos obtenidos exitosamente para: La Beriso - Canción para Mamá y Papá (En Vivo en el Luna Park)
2026-08-01 13:17:50 | DEBUG    | download_manager_service.get_video_info | Obteniendo metadatos para: https://www.youtube.com/watch?v=M05xCP34uUw
2026-08-01 13:17:51 | DEBUG    | download_manager_service.get_video_info | Metadatos obtenidos exitosamente para: Las Pastillas Del Abuelo - Rompecabezas De Amor...
2026-08-01 13:17:51 | DEBUG    | download_manager_service.get_video_info | Obteniendo metadatos para: https://www.youtube.com/watch?v=csx53ZqoQqI
2026-08-01 13:17:52 | DEBUG    | download_manager_service.get_video_info | Metadatos obtenidos exitosamente para: Dread Mar I - Así Fue (En Vivo)
2026-08-01 13:17:52 | DEBUG    | download_manager_service.get_video_info | Obteniendo metadatos para: https://www.youtube.com/watch?v=U-EWnvd603g
2026-08-01 13:17:53 | DEBUG    | download_manager_service.get_video_info | Metadatos obtenidos exitosamente para: No Te Va Gustar - Tan Lejos (En Vivo En Argentina)
2026-08-01 13:17:53 | DEBUG    | download_manager_service.get_video_info | Obteniendo metadatos para: https://www.youtube.com/watch?v=SRAP2zxS4Zo
2026-08-01 13:17:55 | DEBUG    | download_manager_service.get_video_info | Metadatos obtenidos exitosamente para: La Beriso - Ingrata (Official Video) ft. Los Enanitos Verdes
2026-08-01 13:17:55 | DEBUG    | download_manager_service.get_video_info | Obteniendo metadatos para: https://www.youtube.com/watch?v=34Ew-QS8_I4
2026-08-01 13:17:56 | DEBUG    | download_manager_service.get_video_info | Metadatos obtenidos exitosamente para: La Beriso - Corazón Duro ft. Bronco
2026-08-01 13:17:56 | DEBUG    | download_manager_service.get_video_info | Obteniendo metadatos para: https://www.youtube.com/watch?v=-72BiJv09Is
2026-08-01 13:17:57 | DEBUG    | download_manager_service.get_video_info | Metadatos obtenidos exitosamente para: Guasones - Tan distintos Ft. M-Clan (video oficial)
2026-08-01 13:17:57 | DEBUG    | download_manager_service.get_video_info | Obteniendo metadatos para: https://www.youtube.com/watch?v=dOzjAHTzXl0
2026-08-01 13:17:59 | DEBUG    | download_manager_service.get_video_info | Metadatos obtenidos exitosamente para: Intoxicados - Fuego (Pepsi Music 2005)
2026-08-01 13:17:59 | DEBUG    | download_manager_service.get_video_info | Obteniendo metadatos para: https://www.youtube.com/watch?v=zfAEkjNtPho
2026-08-01 13:18:00 | DEBUG    | download_manager_service.get_video_info | Metadatos obtenidos exitosamente para: Andrés Calamaro - Flaca. Made in Argentina. Directo 2005
2026-08-01 13:18:00 | DEBUG    | download_manager_service.get_video_info | Obteniendo metadatos para: https://www.youtube.com/watch?v=_SKaPv4DVgE
2026-08-01 13:18:01 | DEBUG    | download_manager_service.get_video_info | Metadatos obtenidos exitosamente para: Turf - Magia blanca (video oficial) HD
2026-08-01 13:18:01 | DEBUG    | download_manager_service.get_video_info | Obteniendo metadatos para: https://www.youtube.com/watch?v=7K8q9Xh_aJw
2026-08-01 13:18:03 | DEBUG    | download_manager_service.get_video_info | Metadatos obtenidos exitosamente para: Estelares - Ella dijo (video oficial) [HD]
2026-08-01 13:18:03 | DEBUG    | download_manager_service.get_video_info | Obteniendo metadatos para: https://www.youtube.com/watch?v=sKyFgRC4yFs
2026-08-01 13:18:04 | DEBUG    | download_manager_service.get_video_info | Metadatos obtenidos exitosamente para: No Te Va Gustar - Llueve Tranquilo (En Vivo en El Estadio Único de La Plata)
2026-08-01 13:18:04 | DEBUG    | download_manager_service.get_video_info | Obteniendo metadatos para: https://www.youtube.com/watch?v=ezlpwCLgiE8
2026-08-01 13:18:05 | DEBUG    | download_manager_service.get_video_info | Metadatos obtenidos exitosamente para: Callejeros - Creo (Letra)
2026-08-01 13:18:05 | DEBUG    | download_manager_service.get_video_info | Obteniendo metadatos para: https://www.youtube.com/watch?v=ue0RP3C1Brg
2026-08-01 13:18:07 | DEBUG    | download_manager_service.get_video_info | Metadatos obtenidos exitosamente para: AIRBAG - NUNCA LO OLVIDES
2026-08-01 13:18:07 | DEBUG    | download_manager_service.get_video_info | Obteniendo metadatos para: https://www.youtube.com/watch?v=5zw2GXEwwJk
2026-08-01 13:18:08 | DEBUG    | download_manager_service.get_video_info | Metadatos obtenidos exitosamente para: La Beriso TV - La Beriso y Rodrigo Bueno - Cómo le digo (Video Oficial)
2026-08-01 13:18:08 | DEBUG    | download_manager_service.get_video_info | Obteniendo metadatos para: https://www.youtube.com/watch?v=BTDuqwNO6as
2026-08-01 13:18:09 | DEBUG    | download_manager_service.get_video_info | Metadatos obtenidos exitosamente para: Vicentico - Paisaje (En Vivo en Corrientes)
2026-08-01 13:18:09 | DEBUG    | download_manager_service.get_video_info | Obteniendo metadatos para: https://www.youtube.com/watch?v=8xWwgjOeKno
2026-08-01 13:18:10 | DEBUG    | download_manager_service.get_video_info | Metadatos obtenidos exitosamente para: La Beriso - Cantemos (Official Video) ft. Emiliano Brancciari
2026-08-01 13:18:10 | DEBUG    | download_manager_service.get_video_info | Obteniendo metadatos para: https://www.youtube.com/watch?v=I8cnKNB2WIk
2026-08-01 13:18:12 | DEBUG    | download_manager_service.get_video_info | Metadatos obtenidos exitosamente para: La Franela - Hacer un puente (video oficial) HD
2026-08-01 13:18:12 | DEBUG    | download_manager_service.get_video_info | Obteniendo metadatos para: https://www.youtube.com/watch?v=S0lBe9ww5eQ
2026-08-01 13:18:13 | DEBUG    | download_manager_service.get_video_info | Metadatos obtenidos exitosamente para: Los Auténticos Decadentes - Un osito de peluche de Taiwán (en vivo) OFICIAL
2026-08-01 13:18:13 | DEBUG    | download_manager_service.get_video_info | Obteniendo metadatos para: https://www.youtube.com/watch?v=7f9zUOVNqRI
2026-08-01 13:18:15 | DEBUG    | download_manager_service.get_video_info | Metadatos obtenidos exitosamente para: No Te Va Gustar - Memorias del Olvido (En Vivo) [DVD Público]
2026-08-01 13:18:15 | DEBUG    | download_manager_service.get_video_info | Obteniendo metadatos para: https://www.youtube.com/watch?v=Y045gGScfOo
2026-08-01 13:18:16 | DEBUG    | download_manager_service.get_video_info | Metadatos obtenidos exitosamente para: Los Caballeros de la Quema - Otro Jueves Cobarde (En Vivo Provincia Emergente)
2026-08-01 13:18:16 | DEBUG    | download_manager_service.get_video_info | Obteniendo metadatos para: https://www.youtube.com/watch?v=7keC17PvzW0
2026-08-01 13:18:18 | DEBUG    | download_manager_service.get_video_info | Metadatos obtenidos exitosamente para: La Vela Puerca - Para no verme mas (DVD "Festejar Para Sobrevivir, 20 años")
2026-08-01 13:18:18 | DEBUG    | download_manager_service.get_video_info | Obteniendo metadatos para: https://www.youtube.com/watch?v=CJkgBc2S5oY
2026-08-01 13:18:19 | DEBUG    | download_manager_service.get_video_info | Metadatos obtenidos exitosamente para: Divididos - Que Ves?
2026-08-01 13:18:19 | DEBUG    | download_manager_service.get_video_info | Obteniendo metadatos para: https://www.youtube.com/watch?v=VC5NaNsR7-8
2026-08-01 13:18:21 | DEBUG    | download_manager_service.get_video_info | Metadatos obtenidos exitosamente para: La Renga - Balada Del Diablo y La Muerte (Audio)
2026-08-01 13:18:21 | DEBUG    | download_manager_service.get_video_info | Obteniendo metadatos para: https://www.youtube.com/watch?v=CyPyRXyVIG4
2026-08-01 13:18:22 | DEBUG    | download_manager_service.get_video_info | Metadatos obtenidos exitosamente para: Un poco de amor francés - Estadio Único de La Plata - Indio en Concierto [2008] Full HD
2026-08-01 13:18:22 | DEBUG    | download_manager_service.get_video_info | Obteniendo metadatos para: https://www.youtube.com/watch?v=bUvy033H4LA
2026-08-01 13:18:23 | DEBUG    | download_manager_service.get_video_info | Metadatos obtenidos exitosamente para: No Te Va Gustar - Cero a la Izquierda EN VIVO (video oficial)
2026-08-01 13:18:23 | DEBUG    | download_manager_service.get_video_info | Obteniendo metadatos para: https://www.youtube.com/watch?v=YVA3cusY3Z0
2026-08-01 13:18:25 | DEBUG    | download_manager_service.get_video_info | Metadatos obtenidos exitosamente para: La Beriso - Todo Cambia (En Vivo) (Official Video)
2026-08-01 13:18:25 | DEBUG    | download_manager_service.get_video_info | Obteniendo metadatos para: https://www.youtube.com/watch?v=21DBuMo0qAY
2026-08-01 13:18:26 | DEBUG    | download_manager_service.get_video_info | Metadatos obtenidos exitosamente para: Dulce condena (Edición Aniversario)
2026-08-01 13:18:26 | DEBUG    | download_manager_service.get_video_info | Obteniendo metadatos para: https://www.youtube.com/watch?v=nkEneiQO5TQ
2026-08-01 13:18:27 | DEBUG    | download_manager_service.get_video_info | Metadatos obtenidos exitosamente para: La 25 - Mil canciones (video oficial) HD
2026-08-01 13:18:27 | DEBUG    | download_manager_service.get_video_info | Obteniendo metadatos para: https://www.youtube.com/watch?v=U3PUjIy6X_Q
2026-08-01 13:18:29 | DEBUG    | download_manager_service.get_video_info | Metadatos obtenidos exitosamente para: AIRBAG - Cicatrices - Mentira La Verdad
2026-08-01 13:18:29 | DEBUG    | download_manager_service.get_video_info | Obteniendo metadatos para: https://www.youtube.com/watch?v=843sGpiT5iw
2026-08-01 13:18:30 | DEBUG    | download_manager_service.get_video_info | Metadatos obtenidos exitosamente para: Las Pelotas - Personalmente (video oficial) HD
2026-08-01 13:18:30 | DEBUG    | download_manager_service.get_video_info | Obteniendo metadatos para: https://www.youtube.com/watch?v=extN3AdocCc
2026-08-01 13:18:32 | DEBUG    | download_manager_service.get_video_info | Metadatos obtenidos exitosamente para: Árbol - El Fantasma
2026-08-01 13:18:32 | DEBUG    | download_manager_service.get_video_info | Obteniendo metadatos para: https://www.youtube.com/watch?v=bdqvUwn1tbE
2026-08-01 13:18:33 | DEBUG    | download_manager_service.get_video_info | Metadatos obtenidos exitosamente para: Intoxicados - Nunca quise (video oficial) [HD]
2026-08-01 13:18:33 | DEBUG    | download_manager_service.get_video_info | Obteniendo metadatos para: https://www.youtube.com/watch?v=x-X3cSr6bKU
2026-08-01 13:18:35 | DEBUG    | download_manager_service.get_video_info | Metadatos obtenidos exitosamente para: LOS RODRIGUEZ - Mi Enfermedad (video clip)
2026-08-01 13:18:35 | DEBUG    | download_manager_service.get_video_info | Obteniendo metadatos para: https://www.youtube.com/watch?v=0v7u-38NkT4
2026-08-01 13:18:36 | DEBUG    | download_manager_service.get_video_info | Metadatos obtenidos exitosamente para: Estelares - El corazón sobre todo (vivo DVD "20 años - Gran Rex")
2026-08-01 13:18:36 | DEBUG    | download_manager_service.get_video_info | Obteniendo metadatos para: https://www.youtube.com/watch?v=O5IEPNCrbR8
2026-08-01 13:18:38 | DEBUG    | download_manager_service.get_video_info | Metadatos obtenidos exitosamente para: La Beriso - Porque (En Vivo en el Luna Park)
2026-08-01 13:18:38 | DEBUG    | download_manager_service.get_video_info | Obteniendo metadatos para: https://www.youtube.com/watch?v=BuEbAK42wZU
2026-08-01 13:18:39 | DEBUG    | download_manager_service.get_video_info | Metadatos obtenidos exitosamente para: Coti - Otra Vez (Live Gran Rex 2015) ft. Guasones, Manuel Quieto
2026-08-01 13:18:39 | DEBUG    | download_manager_service.get_video_info | Obteniendo metadatos para: https://www.youtube.com/watch?v=IH-6ED8BMbU
2026-08-01 13:18:41 | DEBUG    | download_manager_service.get_video_info | Metadatos obtenidos exitosamente para: Abel Pintos - A-Dios (En Vivo Estadio Único)
2026-08-01 13:18:41 | DEBUG    | download_manager_service.get_video_info | Obteniendo metadatos para: https://www.youtube.com/watch?v=dnYdCpspAmY
2026-08-01 13:18:42 | DEBUG    | download_manager_service.get_video_info | Metadatos obtenidos exitosamente para: Attaque 77 - Chance (En Vivo)
2026-08-01 13:18:42 | DEBUG    | download_manager_service.get_video_info | Obteniendo metadatos para: https://www.youtube.com/watch?v=ULt6VSHuBY4
2026-08-01 13:18:44 | DEBUG    | download_manager_service.get_video_info | Metadatos obtenidos exitosamente para: Los Caballeros de la Quema - Fulanos de Nadie (En Vivo Provincia Emergente)
2026-08-01 13:18:44 | DEBUG    | download_manager_service.get_video_info | Obteniendo metadatos para: https://www.youtube.com/watch?v=01cCoom3fWQ
2026-08-01 13:18:45 | DEBUG    | download_manager_service.get_video_info | Metadatos obtenidos exitosamente para: Las Pastillas Del Abuelo - Ojos De Dragón!
2026-08-01 13:18:45 | DEBUG    | download_manager_service.get_video_info | Obteniendo metadatos para: https://www.youtube.com/watch?v=tu6FYdDGxrI
2026-08-01 13:18:47 | DEBUG    | download_manager_service.get_video_info | Metadatos obtenidos exitosamente para: Las Pastillas Del Abuelo - Viejo Karma!
2026-08-01 13:18:47 | DEBUG    | download_manager_service.get_video_info | Obteniendo metadatos para: https://www.youtube.com/watch?v=5muolx9ynPA
2026-08-01 13:18:48 | DEBUG    | download_manager_service.get_video_info | Metadatos obtenidos exitosamente para: Ella es tan cargosa - En redondel (video oficial)
2026-08-01 13:18:48 | DEBUG    | download_manager_service.get_video_info | Obteniendo metadatos para: https://www.youtube.com/watch?v=ICwDcBLmZEc
2026-08-01 13:18:49 | DEBUG    | download_manager_service.get_video_info | Metadatos obtenidos exitosamente para: La 25 - Cruz de sal (video oficial) [HD]
2026-08-01 13:18:49 | DEBUG    | download_manager_service.get_video_info | Obteniendo metadatos para: https://www.youtube.com/watch?v=pMoENrA6Crc
2026-08-01 13:18:51 | DEBUG    | download_manager_service.get_video_info | Metadatos obtenidos exitosamente para: Estelares - Aire (video oficial) [HD]
2026-08-01 13:18:51 | DEBUG    | download_manager_service.get_video_info | Obteniendo metadatos para: https://www.youtube.com/watch?v=1r-XsNYFhiU
2026-08-01 13:18:52 | DEBUG    | download_manager_service.get_video_info | Metadatos obtenidos exitosamente para: Bye Bye - Vilma Palma e vampiros (Video Remasterizado 2025)
2026-08-01 13:18:52 | DEBUG    | download_manager_service.get_video_info | Obteniendo metadatos para: https://www.youtube.com/watch?v=XhYiBaYux4Y
2026-08-01 13:18:54 | DEBUG    | download_manager_service.get_video_info | Metadatos obtenidos exitosamente para: Patricio Rey y sus Redonditos de Ricota - Todo un Palo (Audio Oficial)
2026-08-01 13:18:54 | DEBUG    | download_manager_service.get_video_info | Obteniendo metadatos para: https://www.youtube.com/watch?v=_Hy6q5mUf5k
2026-08-01 13:18:55 | DEBUG    | download_manager_service.get_video_info | Metadatos obtenidos exitosamente para: La Beriso - Dejame
2026-08-01 13:18:55 | DEBUG    | download_manager_service.get_video_info | Obteniendo metadatos para: https://www.youtube.com/watch?v=GPeiU6RqIjA
2026-08-01 13:18:56 | DEBUG    | download_manager_service.get_video_info | Metadatos obtenidos exitosamente para: Las Pelotas - Será (video oficial) HD
2026-08-01 13:18:56 | DEBUG    | download_manager_service.get_video_info | Obteniendo metadatos para: https://www.youtube.com/watch?v=Bj-Yed48rws
2026-08-01 13:18:58 | DEBUG    | download_manager_service.get_video_info | Metadatos obtenidos exitosamente para: Memphis la blusera - Montón de nada (DVD Luna Park "25")
2026-08-01 13:18:58 | DEBUG    | download_manager_service.get_video_info | Obteniendo metadatos para: https://www.youtube.com/watch?v=0AqLPLz6Rns
2026-08-01 13:19:00 | DEBUG    | download_manager_service.get_video_info | Metadatos obtenidos exitosamente para: Vicentico - Los Caminos de la Vida (En Vivo en Corrientes)
2026-08-01 13:19:00 | DEBUG    | download_manager_service.get_video_info | Obteniendo metadatos para: https://www.youtube.com/watch?v=QGt3WRZKntc
2026-08-01 13:19:01 | DEBUG    | download_manager_service.get_video_info | Metadatos obtenidos exitosamente para: Inocente (En Vivo En El Luna Park) - La Delio Valdez y Karina
2026-08-01 13:19:01 | DEBUG    | download_manager_service.get_video_info | Obteniendo metadatos para: https://www.youtube.com/watch?v=rrrSGplAgOs
2026-08-01 13:19:03 | DEBUG    | download_manager_service.get_video_info | Metadatos obtenidos exitosamente para: La Konga, Nahuel Pennisi - UNIVERSO PARALELO (Estadio Luna Park)
2026-08-01 13:19:03 | DEBUG    | download_manager_service.get_video_info | Obteniendo metadatos para: https://www.youtube.com/watch?v=FYryPZPh5UI
2026-08-01 13:19:04 | DEBUG    | download_manager_service.get_video_info | Metadatos obtenidos exitosamente para: Estelares - Un dia perfecto (video oficial) [HD]
2026-08-01 13:19:04 | DEBUG    | download_manager_service.get_video_info | Obteniendo metadatos para: https://www.youtube.com/watch?v=ZTppR1IK8zg
2026-08-01 13:19:06 | DEBUG    | download_manager_service.get_video_info | Metadatos obtenidos exitosamente para: Callejeros - 9 de Julio (Lyric)
2026-08-01 13:19:06 | DEBUG    | download_manager_service.get_video_info | Obteniendo metadatos para: https://www.youtube.com/watch?v=T7bK9i4OV2U
2026-08-01 13:19:07 | DEBUG    | download_manager_service.get_video_info | Metadatos obtenidos exitosamente para: Las Pastillas del Abuelo & Ke Personajes | Loco por volverla a ver
2026-08-01 13:19:07 | DEBUG    | download_manager_service.get_video_info | Obteniendo metadatos para: https://www.youtube.com/watch?v=fn5DP69g11g
2026-08-01 13:19:09 | DEBUG    | download_manager_service.get_video_info | Metadatos obtenidos exitosamente para: Tan Bionica, Airbag - Arruinarse (feat. Airbag) (En Vivo En River Plate)
2026-08-01 13:19:09 | DEBUG    | download_manager_service.get_video_info | Obteniendo metadatos para: https://www.youtube.com/watch?v=V8hIlJt0lDY
2026-08-01 13:19:10 | DEBUG    | download_manager_service.get_video_info | Metadatos obtenidos exitosamente para: Tan Bionica, Abel Pintos - Obsesionario En La Mayor (En Vivo En River Plate)
2026-08-01 13:19:10 | DEBUG    | download_manager_service.get_video_info | Obteniendo metadatos para: https://www.youtube.com/watch?v=BL4XY5CFzwA
2026-08-01 13:19:11 | DEBUG    | download_manager_service.get_video_info | Metadatos obtenidos exitosamente para: Don Osvaldo-Una Nueva Noche Fría [En Vivo, Playón Estadio Único D.A.M., Octubre 2024]
2026-08-01 13:19:11 | DEBUG    | download_manager_service.get_video_info | Obteniendo metadatos para: https://www.youtube.com/watch?v=hfebKM4UJ2E
2026-08-01 13:19:13 | DEBUG    | download_manager_service.get_video_info | Metadatos obtenidos exitosamente para: El narigón del barranco
2026-08-01 13:19:13 | DEBUG    | download_manager_service.get_video_info | Obteniendo metadatos para: https://www.youtube.com/watch?v=Ei4LG0ANTO8
2026-08-01 13:19:14 | DEBUG    | download_manager_service.get_video_info | Metadatos obtenidos exitosamente para: Un ángel para tu soledad - Estadio Único de La Plata - Indio en Concierto [2008] Full HD
2026-08-01 13:19:14 | DEBUG    | download_manager_service.get_video_info | Obteniendo metadatos para: https://www.youtube.com/watch?v=kHPja5eLZdU
2026-08-01 13:19:15 | DEBUG    | download_manager_service.get_video_info | Metadatos obtenidos exitosamente para: Luis Alberto Spinetta - Rezo por Vos (En Vivo Estadio Vélez Sarsfield) ft. Charly García
2026-08-01 13:19:15 | DEBUG    | download_manager_service.get_video_info | Obteniendo metadatos para: https://www.youtube.com/watch?v=Fbi8_1H-kRE
2026-08-01 13:19:16 | DEBUG    | download_manager_service.get_video_info | Metadatos obtenidos exitosamente para: Coti - Antes Que Ver El Sol
2026-08-01 13:19:16 | DEBUG    | download_manager_service.get_video_info | Obteniendo metadatos para: https://www.youtube.com/watch?v=I_818q1nMp8
2026-08-01 13:19:18 | DEBUG    | download_manager_service.get_video_info | Metadatos obtenidos exitosamente para: No Te Va Gustar ft. Jorge Drexler - De Nada Sirve (Acústico) [Otras Canciones 2019]
2026-08-01 13:19:18 | DEBUG    | download_manager_service.get_video_info | Obteniendo metadatos para: https://www.youtube.com/watch?v=T_8Eo-VdRRs
2026-08-01 13:19:19 | DEBUG    | download_manager_service.get_video_info | Metadatos obtenidos exitosamente para: Los Pericos - Pupilas Lejanas (En Vivo)
2026-08-01 13:19:19 | DEBUG    | download_manager_service.get_video_info | Obteniendo metadatos para: https://www.youtube.com/watch?v=M4h-VnRlUec
2026-08-01 13:19:21 | DEBUG    | download_manager_service.get_video_info | Metadatos obtenidos exitosamente para: No Te Va Gustar - Verte Reír (En Vivo En Argentina)
2026-08-01 13:19:21 | DEBUG    | download_manager_service.get_video_info | Obteniendo metadatos para: https://www.youtube.com/watch?v=xaaEURidIUs
2026-08-01 13:19:22 | DEBUG    | download_manager_service.get_video_info | Metadatos obtenidos exitosamente para: Ciro y Los Persas | DICE (Video Oficial)
2026-08-01 13:19:22 | DEBUG    | download_manager_service.get_video_info | Obteniendo metadatos para: https://www.youtube.com/watch?v=PqM2HYEvdW4
2026-08-01 13:19:23 | DEBUG    | download_manager_service.get_video_info | Metadatos obtenidos exitosamente para: La Beriso - Incendiémonos (Official Video)
2026-08-01 13:19:23 | DEBUG    | download_manager_service.get_video_info | Obteniendo metadatos para: https://www.youtube.com/watch?v=9ObRKPwBf7s
2026-08-01 13:19:25 | DEBUG    | download_manager_service.get_video_info | Metadatos obtenidos exitosamente para: Estelares - Es el amor (video oficial)
2026-08-01 13:19:25 | DEBUG    | download_manager_service.get_video_info | Obteniendo metadatos para: https://www.youtube.com/watch?v=avRebeWQEJ4
2026-08-01 13:19:26 | DEBUG    | download_manager_service.get_video_info | Metadatos obtenidos exitosamente para: La Beriso TV - La Beriso - Reflejo (Video Oficial)
2026-08-01 13:19:26 | DEBUG    | download_manager_service.get_video_info | Obteniendo metadatos para: https://www.youtube.com/watch?v=7u_vvJiYB2g
2026-08-01 13:19:27 | DEBUG    | download_manager_service.get_video_info | Metadatos obtenidos exitosamente para: Babasónicos - Medley: Vampi / El Loco (Repuesto de Fe/En Vivo)
2026-08-01 13:19:27 | DEBUG    | download_manager_service.get_video_info | Obteniendo metadatos para: https://www.youtube.com/watch?v=GUf81ofAZV0
2026-08-01 13:19:29 | DEBUG    | download_manager_service.get_video_info | Metadatos obtenidos exitosamente para: Gustavo Cerati "Adiós" (Video Oficial)
2026-08-01 13:19:29 | DEBUG    | download_manager_service.get_video_info | Obteniendo metadatos para: https://www.youtube.com/watch?v=IYj364cgamk
2026-08-01 13:19:30 | DEBUG    | download_manager_service.get_video_info | Metadatos obtenidos exitosamente para: Tan Bionica - Obsesionario En La Mayor
2026-08-01 13:19:30 | DEBUG    | download_manager_service.get_video_info | Obteniendo metadatos para: https://www.youtube.com/watch?v=xRaNtoiUkjQ
2026-08-01 13:19:32 | DEBUG    | download_manager_service.get_video_info | Metadatos obtenidos exitosamente para: Tan Bionica - Loca
2026-08-01 13:19:32 | DEBUG    | download_manager_service.get_video_info | Obteniendo metadatos para: https://www.youtube.com/watch?v=YglZ5BzPbYs
2026-08-01 13:19:33 | DEBUG    | download_manager_service.get_video_info | Metadatos obtenidos exitosamente para: No Te Va Gustar - Chau (video oficial)
2026-08-01 13:19:33 | DEBUG    | download_manager_service.get_video_info | Obteniendo metadatos para: https://www.youtube.com/watch?v=Zt6nCSMAIZg
2026-08-01 13:19:35 | DEBUG    | download_manager_service.get_video_info | Metadatos obtenidos exitosamente para: La Vela Puerca | El Viejo | De Bichos y Flores
2026-08-01 13:19:35 | DEBUG    | download_manager_service.get_video_info | Obteniendo metadatos para: https://www.youtube.com/watch?v=a1KmOxVt4QY
2026-08-01 13:19:36 | DEBUG    | download_manager_service.get_video_info | Metadatos obtenidos exitosamente para: La Beriso y Cacho Castaña - Cacho de Buenos Aires
2026-08-01 13:19:36 | DEBUG    | download_manager_service.get_video_info | Obteniendo metadatos para: https://www.youtube.com/watch?v=YVXNPPdh6wE
2026-08-01 13:19:37 | DEBUG    | download_manager_service.get_video_info | Metadatos obtenidos exitosamente para: Crimen
2026-08-01 13:19:37 | DEBUG    | download_manager_service.get_video_info | Obteniendo metadatos para: https://www.youtube.com/watch?v=ml5Xb3yNa4o
2026-08-01 13:19:39 | DEBUG    | download_manager_service.get_video_info | Metadatos obtenidos exitosamente para: Bersuit Vergarabat - El Tiempo No Para
2026-08-01 13:19:39 | DEBUG    | download_manager_service.get_video_info | Obteniendo metadatos para: https://www.youtube.com/watch?v=Tm40gxuNKXg
2026-08-01 13:19:40 | DEBUG    | download_manager_service.get_video_info | Metadatos obtenidos exitosamente para: Bersuit Vergarabat - Un Pacto
2026-08-01 13:19:40 | DEBUG    | download_manager_service.get_video_info | Obteniendo metadatos para: https://www.youtube.com/watch?v=dL-Rg0RDaiI
2026-08-01 13:19:41 | DEBUG    | download_manager_service.get_video_info | Metadatos obtenidos exitosamente para: Abel Pintos - La Llave (En Vivo Estadio River Plate)
2026-08-01 13:19:41 | DEBUG    | download_manager_service.get_video_info | Obteniendo metadatos para: https://www.youtube.com/watch?v=30K682JeL8M
2026-08-01 13:19:43 | DEBUG    | download_manager_service.get_video_info | Metadatos obtenidos exitosamente para: Luciano Pereyra - Si No Es Muy Tarde (En Vivo Luna Park 2016)
2026-08-01 13:19:43 | DEBUG    | download_manager_service.get_video_info | Obteniendo metadatos para: https://www.youtube.com/watch?v=_m6qT1PAeQc
2026-08-01 13:19:44 | DEBUG    | download_manager_service.get_video_info | Metadatos obtenidos exitosamente para: Luciano Pereyra - No Te Puedo Olvidar (Live At Vélez Argentina / 2018)
2026-08-01 13:19:44 | DEBUG    | download_manager_service.get_video_info | Obteniendo metadatos para: https://www.youtube.com/watch?v=HruUfRtYQVk
2026-08-01 13:19:46 | DEBUG    | download_manager_service.get_video_info | Metadatos obtenidos exitosamente para: Luciano Pereyra - Que Suerte Tiene El
2026-08-01 13:19:46 | DEBUG    | download_manager_service.get_video_info | Obteniendo metadatos para: https://www.youtube.com/watch?v=D6GXRdZECko
2026-08-01 13:19:47 | DEBUG    | download_manager_service.get_video_info | Metadatos obtenidos exitosamente para: Luciano Pereyra, Los Ángeles Azules - Una Mujer Como Tú
2026-08-01 13:19:47 | DEBUG    | download_manager_service.get_video_info | Obteniendo metadatos para: https://www.youtube.com/watch?v=3dlXwh-UbSo
2026-08-01 13:19:49 | DEBUG    | download_manager_service.get_video_info | Metadatos obtenidos exitosamente para: La Konga, Sergio Dalma - EL MUNDO
2026-08-01 13:19:49 | DEBUG    | download_manager_service.get_video_info | Obteniendo metadatos para: https://www.youtube.com/watch?v=1aW3eBumz5k
2026-08-01 13:19:50 | DEBUG    | download_manager_service.get_video_info | Metadatos obtenidos exitosamente para: Los del Fuego - Jurabas tu / Mientes / Sabes│ VIVO 2019 FULL HD
2026-08-01 13:19:50 | DEBUG    | download_manager_service.get_video_info | Obteniendo metadatos para: https://www.youtube.com/watch?v=UfQTAIrwwg0
2026-08-01 13:19:51 | DEBUG    | download_manager_service.get_video_info | Metadatos obtenidos exitosamente para: Q' Lokura, Angela Leiva - Yo Era - Pero Me Acuerdo De Ti #LunaPark
2026-08-01 13:19:51 | DEBUG    | download_manager_service.get_video_info | Obteniendo metadatos para: https://www.youtube.com/watch?v=3QKR5RxSV1E
2026-08-01 13:19:53 | DEBUG    | download_manager_service.get_video_info | Metadatos obtenidos exitosamente para: El Potro Rodrigo - Ocho Cuarenta (840) - Video Lyric
2026-08-01 13:19:53 | DEBUG    | download_manager_service.get_video_info | Obteniendo metadatos para: https://www.youtube.com/watch?v=ay_PvEB-qK8
2026-08-01 13:19:54 | DEBUG    | download_manager_service.get_video_info | Metadatos obtenidos exitosamente para: La Konga, Sergio Dalma - YO NO TE PIDO LA LUNA
2026-08-01 13:19:54 | DEBUG    | download_manager_service.get_video_info | Obteniendo metadatos para: https://www.youtube.com/watch?v=th6QSI8PU7s
2026-08-01 13:19:56 | DEBUG    | download_manager_service.get_video_info | Metadatos obtenidos exitosamente para: La Delio Valdez y Ke Personajes - Adios Amor
2026-08-01 13:19:56 | DEBUG    | download_manager_service.get_video_info | Obteniendo metadatos para: https://www.youtube.com/watch?v=JAfX5kZzKs4
2026-08-01 13:19:57 | DEBUG    | download_manager_service.get_video_info | Metadatos obtenidos exitosamente para: LA DELIO VALDEZ - Karina -  Abel Pintos - Paisaje
2026-08-01 13:19:57 | DEBUG    | download_manager_service.get_video_info | Obteniendo metadatos para: https://www.youtube.com/watch?v=LXFL5mdfP40
2026-08-01 13:19:58 | DEBUG    | download_manager_service.get_video_info | Metadatos obtenidos exitosamente para: Los autenticos decadentes ft. Julieta Venegas - No me importa el dinero (video oficial) 1080 HD
2026-08-01 13:19:58 | DEBUG    | download_manager_service.get_video_info | Obteniendo metadatos para: https://www.youtube.com/watch?v=9eW5zIOCjOw
2026-08-01 13:20:00 | DEBUG    | download_manager_service.get_video_info | Metadatos obtenidos exitosamente para: *LAMENTO BOLIVIANO* - ENANITOS VERDES - 1994
2026-08-01 13:20:00 | DEBUG    | download_manager_service.get_video_info | Obteniendo metadatos para: https://www.youtube.com/watch?v=eVLxHS4oZ_0
2026-08-01 13:20:01 | DEBUG    | download_manager_service.get_video_info | Metadatos obtenidos exitosamente para: Tan Solo
2026-08-01 13:20:01 | DEBUG    | download_manager_service.get_video_info | Obteniendo metadatos para: https://www.youtube.com/watch?v=2ZK1CT_FS3w
2026-08-01 13:20:03 | DEBUG    | download_manager_service.get_video_info | Metadatos obtenidos exitosamente para: Ciro y Los Persas | Tan Solo | Cosquín Rock Online
2026-08-01 13:20:03 | DEBUG    | download_manager_service.get_video_info | Obteniendo metadatos para: https://www.youtube.com/watch?v=OiH9p4SAbZU
2026-08-01 13:20:04 | DEBUG    | download_manager_service.get_video_info | Metadatos obtenidos exitosamente para: Guasones - Me estas tratando mal (video oficial)
2026-08-01 13:20:04 | DEBUG    | download_manager_service.get_video_info | Obteniendo metadatos para: https://www.youtube.com/watch?v=iX1p4PbVomk
2026-08-01 13:20:06 | DEBUG    | download_manager_service.get_video_info | Metadatos obtenidos exitosamente para: La Beriso TV - La Beriso - Creyendo (Videoclip Oficial)
2026-08-01 13:20:06 | DEBUG    | download_manager_service.get_video_info | Obteniendo metadatos para: https://www.youtube.com/watch?v=ByIM7sxL69o
2026-08-01 13:20:07 | DEBUG    | download_manager_service.get_video_info | Metadatos obtenidos exitosamente para: La Beriso - Échame a Mi la Culpa (Official Audio)
2026-08-01 13:20:07 | DEBUG    | download_manager_service.get_video_info | Obteniendo metadatos para: https://www.youtube.com/watch?v=8z37Pi6sDi4
2026-08-01 13:20:08 | DEBUG    | download_manager_service.get_video_info | Metadatos obtenidos exitosamente para: AHYRE - SI TE VAS (Video Oficial)
2026-08-01 13:20:08 | DEBUG    | download_manager_service.get_video_info | Obteniendo metadatos para: https://www.youtube.com/watch?v=-n7G5Dqb3UM
2026-08-01 13:20:10 | DEBUG    | download_manager_service.get_video_info | Metadatos obtenidos exitosamente para: Abel Pintos - Sin Principio Ni Final (Official Video)
2026-08-01 13:20:10 | DEBUG    | download_manager_service.get_video_info | Obteniendo metadatos para: https://www.youtube.com/watch?v=XeDupvD6sos
2026-08-01 13:20:11 | DEBUG    | download_manager_service.get_video_info | Metadatos obtenidos exitosamente para: Gustavo Cerati - Lago En El Cielo (En Vivo Estadio Obras)
2026-08-01 13:20:11 | DEBUG    | download_manager_service.get_video_info | Obteniendo metadatos para: https://www.youtube.com/watch?v=VhQr8pjYdDQ
2026-08-01 13:20:13 | DEBUG    | download_manager_service.get_video_info | Metadatos obtenidos exitosamente para: El infierno está encantador esta noche - Estadio Único de La Plata -Indio en Concierto [2008] FullHD
2026-08-01 13:20:13 | DEBUG    | download_manager_service.get_video_info | Obteniendo metadatos para: https://www.youtube.com/watch?v=LTIIM_g-HtQ
2026-08-01 13:20:14 | DEBUG    | download_manager_service.get_video_info | Metadatos obtenidos exitosamente para: Gustavo Cerati - Puente (En Vivo en Monterrey)
2026-08-01 13:20:14 | DEBUG    | download_manager_service.get_video_info | Obteniendo metadatos para: https://www.youtube.com/watch?v=dY8tHiMUp8w
2026-08-01 13:20:16 | DEBUG    | download_manager_service.get_video_info | Metadatos obtenidos exitosamente para: La Beriso - Flores (En Vivo)
2026-08-01 13:20:16 | DEBUG    | download_manager_service.get_video_info | Obteniendo metadatos para: https://www.youtube.com/watch?v=e5egGC28OcY
2026-08-01 13:20:17 | DEBUG    | download_manager_service.get_video_info | Metadatos obtenidos exitosamente para: Ciro y Los Persas | Antes y Después (En Vivo Estadio Ferro 2014)
2026-08-01 13:20:17 | DEBUG    | download_manager_service.get_video_info | Obteniendo metadatos para: https://www.youtube.com/watch?v=QbYBlcZ32fY
2026-08-01 13:20:18 | DEBUG    | download_manager_service.get_video_info | Metadatos obtenidos exitosamente para: Ruleta (En Vivo en River Plate)
2026-08-01 13:20:18 | DEBUG    | download_manager_service.get_video_info | Obteniendo metadatos para: https://www.youtube.com/watch?v=t_8pqgA_3ac
2026-08-01 13:20:20 | DEBUG    | download_manager_service.get_video_info | Metadatos obtenidos exitosamente para: Callejeros - Imposible (En Vivo Obras)
2026-08-01 13:20:20 | DEBUG    | download_manager_service.get_video_info | Obteniendo metadatos para: https://www.youtube.com/watch?v=udiQTRy9rCk
2026-08-01 13:20:21 | DEBUG    | download_manager_service.get_video_info | Metadatos obtenidos exitosamente para: Los Caligaris - Basural (AUDIO)
2026-08-01 13:20:21 | DEBUG    | download_manager_service.get_video_info | Obteniendo metadatos para: https://www.youtube.com/watch?v=LpMVlqIgzQ8
2026-08-01 13:20:22 | DEBUG    | download_manager_service.get_video_info | Metadatos obtenidos exitosamente para: Tres Mujeres y Ella
2026-08-01 13:20:22 | DEBUG    | download_manager_service.get_video_info | Obteniendo metadatos para: https://www.youtube.com/watch?v=m5uQ5PN0KNo
2026-08-01 13:20:23 | DEBUG    | download_manager_service.get_video_info | Metadatos obtenidos exitosamente para: Guasones ft. Beto Olguin - Pasan las horas (AUDIO)
2026-08-01 13:20:23 | DEBUG    | download_manager_service.get_video_info | Obteniendo metadatos para: https://www.youtube.com/watch?v=rWOv8wnKGXU
2026-08-01 13:20:25 | DEBUG    | download_manager_service.get_video_info | Metadatos obtenidos exitosamente para: La Beriso TV - La Beriso - Cordura (Video Oficial)
2026-08-01 13:20:25 | DEBUG    | download_manager_service.get_video_info | Obteniendo metadatos para: https://www.youtube.com/watch?v=EgMB1FOGcXw
2026-08-01 13:20:26 | DEBUG    | download_manager_service.get_video_info | Metadatos obtenidos exitosamente para: La Beriso TV - La Beriso - Cansada (Video Oficial)
2026-08-01 13:20:26 | DEBUG    | download_manager_service.get_video_info | Obteniendo metadatos para: https://www.youtube.com/watch?v=0ML7xBP6Br4
2026-08-01 13:20:27 | DEBUG    | download_manager_service.get_video_info | Metadatos obtenidos exitosamente para: Todo Pasa
2026-08-01 13:20:27 | DEBUG    | download_manager_service.get_video_info | Obteniendo metadatos para: https://www.youtube.com/watch?v=AdOGKc0Lm54
2026-08-01 13:20:28 | DEBUG    | download_manager_service.get_video_info | Metadatos obtenidos exitosamente para: Sueño (Letra / Lyric) - Callejeros
2026-08-01 13:20:28 | DEBUG    | download_manager_service.get_video_info | Obteniendo metadatos para: https://www.youtube.com/watch?v=5HAM--M3UCY
2026-08-01 13:20:30 | DEBUG    | download_manager_service.get_video_info | Metadatos obtenidos exitosamente para: Los Fabulosos Cadillacs - Siguiendo La Luna (En Vivo en Theater at Madison Square Garden)
2026-08-01 13:20:30 | DEBUG    | download_manager_service.get_video_info | Obteniendo metadatos para: https://www.youtube.com/watch?v=phgewDI_MaI
2026-08-01 13:20:31 | DEBUG    | download_manager_service.get_video_info | Metadatos obtenidos exitosamente para: DIVIDIDOS - Sisters - Vivo Acá
2026-08-01 13:20:31 | DEBUG    | download_manager_service.get_video_info | Obteniendo metadatos para: https://www.youtube.com/watch?v=Kz1zuq2BwYY
2026-08-01 13:20:33 | DEBUG    | download_manager_service.get_video_info | Metadatos obtenidos exitosamente para: Abel Pintos - Aventura (En Vivo Estadio River Plate) ft. Marcela Morelo
2026-08-01 13:20:33 | DEBUG    | download_manager_service.get_video_info | Obteniendo metadatos para: https://www.youtube.com/watch?v=Z_AxA7pW1DQ
2026-08-01 13:20:34 | DEBUG    | download_manager_service.get_video_info | Metadatos obtenidos exitosamente para: Luciano Pereyra - Enseñame A Vivir Sin Ti (Live At Vélez Argentina / 2018) ft. Soledad
2026-08-01 13:20:34 | DEBUG    | download_manager_service.get_video_info | Obteniendo metadatos para: https://www.youtube.com/watch?v=GJCbrtedP08
2026-08-01 13:20:35 | DEBUG    | download_manager_service.get_video_info | Metadatos obtenidos exitosamente para: Abel Pintos - Oncemil (En Vivo Estadio River Plate) ft. Malú
2026-08-01 13:20:35 | DEBUG    | download_manager_service.get_video_info | Obteniendo metadatos para: https://www.youtube.com/watch?v=XRLo8qVNreo
2026-08-01 13:20:36 | DEBUG    | download_manager_service.get_video_info | Metadatos obtenidos exitosamente para: Abel Pintos - Como Te Extraño (En Vivo Estadio River Plate)
2026-08-01 13:20:36 | DEBUG    | download_manager_service.get_video_info | Obteniendo metadatos para: https://www.youtube.com/watch?v=G8GmJLAfl5o
2026-08-01 13:20:38 | DEBUG    | download_manager_service.get_video_info | Metadatos obtenidos exitosamente para: Abel Pintos - Motivos (En Vivo Estadio Único)
2026-08-01 13:20:38 | DEBUG    | download_manager_service.get_video_info | Obteniendo metadatos para: https://www.youtube.com/watch?v=BTTEwWQX590
2026-08-01 13:20:39 | DEBUG    | download_manager_service.get_video_info | Metadatos obtenidos exitosamente para: Ando Ganas (Llora Llora)
2026-08-01 13:20:39 | DEBUG    | download_manager_service.get_video_info | Obteniendo metadatos para: https://www.youtube.com/watch?v=6Zwdy2v-ajw
2026-08-01 13:20:40 | DEBUG    | download_manager_service.get_video_info | Metadatos obtenidos exitosamente para: los perros- Bajo la rambla
2026-08-01 13:20:40 | DEBUG    | download_manager_service.get_video_info | Obteniendo metadatos para: https://www.youtube.com/watch?v=GoMg-IUetzk
2026-08-01 13:20:41 | DEBUG    | download_manager_service.get_video_info | Metadatos obtenidos exitosamente para: Hacelo por Mí
2026-08-01 13:20:41 | DEBUG    | download_manager_service.get_video_info | Obteniendo metadatos para: https://www.youtube.com/watch?v=9UXx5e3ugT4
2026-08-01 13:20:43 | DEBUG    | download_manager_service.get_video_info | Metadatos obtenidos exitosamente para: Tirá para Arriba
2026-08-01 13:20:43 | DEBUG    | download_manager_service.get_video_info | Obteniendo metadatos para: https://www.youtube.com/watch?v=w5KfuMNFAxU
2026-08-01 13:20:44 | DEBUG    | download_manager_service.get_video_info | Metadatos obtenidos exitosamente para: La Renga - Cuando Estés Acá
2026-08-01 13:20:44 | DEBUG    | download_manager_service.get_video_info | Obteniendo metadatos para: https://www.youtube.com/watch?v=fTwDPFZfppg
2026-08-01 13:20:45 | DEBUG    | download_manager_service.get_video_info | Metadatos obtenidos exitosamente para: Diez años después
2026-08-01 13:20:45 | DEBUG    | download_manager_service.get_video_info | Obteniendo metadatos para: https://www.youtube.com/watch?v=RI6KCHRy67c
2026-08-01 13:20:47 | DEBUG    | download_manager_service.get_video_info | Metadatos obtenidos exitosamente para: Puesto - Babasonicos
2026-08-01 13:20:47 | DEBUG    | download_manager_service.get_video_info | Obteniendo metadatos para: https://www.youtube.com/watch?v=V419yO6FeIU
2026-08-01 13:20:48 | DEBUG    | download_manager_service.get_video_info | Metadatos obtenidos exitosamente para: Tan Bionica - Ciudad Mágica
2026-08-01 13:20:48 | DEBUG    | download_manager_service.get_video_info | Obteniendo metadatos para: https://www.youtube.com/watch?v=gPfBKoKzf-8
2026-08-01 13:20:50 | DEBUG    | download_manager_service.get_video_info | Metadatos obtenidos exitosamente para: Tan Bionica - Ella
2026-08-01 13:20:50 | DEBUG    | download_manager_service.get_video_info | Obteniendo metadatos para: https://www.youtube.com/watch?v=MoTQtXpBE5s
2026-08-01 13:20:51 | DEBUG    | download_manager_service.get_video_info | Metadatos obtenidos exitosamente para: La Beriso TV - La Beriso - De ronda
2026-08-01 13:20:51 | DEBUG    | download_manager_service.get_video_info | Obteniendo metadatos para: https://www.youtube.com/watch?v=yEJwEWVeY9E
2026-08-01 13:20:53 | DEBUG    | download_manager_service.get_video_info | Metadatos obtenidos exitosamente para: Dale Q' Va - El Embrujo Feat Américo
2026-08-01 13:20:53 | DEBUG    | download_manager_service.get_video_info | Obteniendo metadatos para: https://www.youtube.com/watch?v=2njWiQItclQ
2026-08-01 13:20:54 | DEBUG    | download_manager_service.get_video_info | Metadatos obtenidos exitosamente para: Enanitos Verdes - Luz De Dia (Audio)
2026-08-01 13:20:54 | DEBUG    | download_manager_service.get_video_info | Obteniendo metadatos para: https://www.youtube.com/watch?v=kXFBcuH_254
2026-08-01 13:20:55 | DEBUG    | download_manager_service.get_video_info | Metadatos obtenidos exitosamente para: El Plan de la Mariposa - El Cantar de los Anzuelos
2026-08-01 13:20:55 | DEBUG    | download_manager_service.get_video_info | Obteniendo metadatos para: https://www.youtube.com/watch?v=oNc1WFmpTn4
2026-08-01 13:20:57 | DEBUG    | download_manager_service.get_video_info | Metadatos obtenidos exitosamente para: Guasones - 100 años (AUDIO)
2026-08-01 13:20:57 | DEBUG    | download_manager_service.get_video_info | Obteniendo metadatos para: https://www.youtube.com/watch?v=FqJJPM07Wwc
2026-08-01 13:20:58 | DEBUG    | download_manager_service.get_video_info | Metadatos obtenidos exitosamente para: La 25 - Solo voy (AUDIO)
2026-08-01 13:20:58 | DEBUG    | download_manager_service.get_video_info | Obteniendo metadatos para: https://www.youtube.com/watch?v=lB-CsLVyQrA
2026-08-01 13:20:59 | DEBUG    | download_manager_service.get_video_info | Metadatos obtenidos exitosamente para: La Kermesse en Obras - Todo un palo (con Chino Laborde)
2026-08-01 13:20:59 | DEBUG    | download_manager_service.get_video_info | Obteniendo metadatos para: https://www.youtube.com/watch?v=IcQyTDjXqwo
2026-08-01 13:21:01 | DEBUG    | download_manager_service.get_video_info | Metadatos obtenidos exitosamente para: Guasones - My love (AUDIO)
2026-08-01 13:21:01 | DEBUG    | download_manager_service.get_video_info | Obteniendo metadatos para: https://www.youtube.com/watch?v=D7teP9SjBSw
2026-08-01 13:21:02 | DEBUG    | download_manager_service.get_video_info | Metadatos obtenidos exitosamente para: No Te Va Gustar - El Oficial (En Vivo En Argentina)
2026-08-01 13:21:02 | DEBUG    | download_manager_service.get_video_info | Obteniendo metadatos para: https://www.youtube.com/watch?v=i28sa4JZKLw
2026-08-01 13:21:04 | DEBUG    | download_manager_service.get_video_info | Metadatos obtenidos exitosamente para: Los Tipitos - Una palabra (video oficial)
2026-08-01 13:21:04 | DEBUG    | download_manager_service.get_video_info | Obteniendo metadatos para: https://www.youtube.com/watch?v=AiDPbPGeI9U
2026-08-01 13:21:05 | DEBUG    | download_manager_service.get_video_info | Metadatos obtenidos exitosamente para: La Beriso TV - La Beriso - Atorrantear
2026-08-01 13:21:05 | DEBUG    | download_manager_service.get_video_info | Obteniendo metadatos para: https://www.youtube.com/watch?v=A90RNjyqZ-A
2026-08-01 13:21:06 | DEBUG    | download_manager_service.get_video_info | Metadatos obtenidos exitosamente para: Desde Arriba (Acústico en Vivo)
2026-08-01 13:21:06 | DEBUG    | download_manager_service.get_video_info | Obteniendo metadatos para: https://www.youtube.com/watch?v=Rq2X3enhuaQ
2026-08-01 13:21:07 | DEBUG    | download_manager_service.get_video_info | Metadatos obtenidos exitosamente para: 1 - Los Pérez García - Salud! - Los Años que Vivimos en Peligro  - En Vivo (Gran Rex)
2026-08-01 13:21:07 | DEBUG    | download_manager_service.get_video_info | Obteniendo metadatos para: https://www.youtube.com/watch?v=O9RPUS0Q5tw
2026-08-01 13:21:09 | DEBUG    | download_manager_service.get_video_info | Metadatos obtenidos exitosamente para: Hombres G, Enanitos Verdes - Voy a Pasármelo Bien (En Vivo)
2026-08-01 13:21:09 | DEBUG    | download_manager_service.get_video_info | Obteniendo metadatos para: https://www.youtube.com/watch?v=obJ34OaNxHw
2026-08-01 13:21:10 | DEBUG    | download_manager_service.get_video_info | Metadatos obtenidos exitosamente para: El Plan De La Mariposa feat. Todo Aparenta Normal | Flor de Tilcara
2026-08-01 13:21:10 | DEBUG    | download_manager_service.get_video_info | Obteniendo metadatos para: https://www.youtube.com/watch?v=n-5vMBhq7TA
2026-08-01 13:21:11 | DEBUG    | download_manager_service.get_video_info | Metadatos obtenidos exitosamente para: La Beriso - Cantemos (En Vivo)
2026-08-01 13:21:11 | DEBUG    | download_manager_service.get_video_info | Obteniendo metadatos para: https://www.youtube.com/watch?v=ybv1rXK55G0
2026-08-01 13:21:12 | DEBUG    | download_manager_service.get_video_info | Metadatos obtenidos exitosamente para: La Vela Puerca - Ves (DVD "Festejar para sobrevivir, 20 Años")
2026-08-01 13:21:12 | DEBUG    | download_manager_service.get_video_info | Obteniendo metadatos para: https://www.youtube.com/watch?v=oeeVbQiNj8A
2026-08-01 13:21:14 | DEBUG    | download_manager_service.get_video_info | Metadatos obtenidos exitosamente para: La Vela Puerca - Clones (DVD "Festejar Para Sobrevivir, 20 años")
2026-08-01 13:21:14 | DEBUG    | download_manager_service.get_video_info | Obteniendo metadatos para: https://www.youtube.com/watch?v=czF5PUxTEA8
2026-08-01 13:21:15 | DEBUG    | download_manager_service.get_video_info | Metadatos obtenidos exitosamente para: Pier - Maldito duende (Videoclip Oficial)
2026-08-01 13:21:15 | DEBUG    | download_manager_service.get_video_info | Obteniendo metadatos para: https://www.youtube.com/watch?v=P0NYRCmJTnU
2026-08-01 13:21:16 | DEBUG    | download_manager_service.get_video_info | Metadatos obtenidos exitosamente para: La Beriso TV - La Beriso - Mal Juego
2026-08-01 13:21:16 | DEBUG    | download_manager_service.get_video_info | Obteniendo metadatos para: https://www.youtube.com/watch?v=iRI1G-xqm4w
2026-08-01 13:21:18 | DEBUG    | download_manager_service.get_video_info | Metadatos obtenidos exitosamente para: La Beriso TV - La Beriso - Señal (Video Oficial)
2026-08-01 13:21:18 | DEBUG    | download_manager_service.get_video_info | Obteniendo metadatos para: https://www.youtube.com/watch?v=pLCI9m4EJCY
2026-08-01 13:21:19 | DEBUG    | download_manager_service.get_video_info | Metadatos obtenidos exitosamente para: La Señal
2026-08-01 13:21:19 | DEBUG    | download_manager_service.get_video_info | Obteniendo metadatos para: https://www.youtube.com/watch?v=u4ABXAQHH_k
2026-08-01 13:21:21 | DEBUG    | download_manager_service.get_video_info | Metadatos obtenidos exitosamente para: La Konga, Lucas Sugo - CINCO MINUTOS
2026-08-01 13:21:21 | DEBUG    | download_manager_service.get_video_info | Obteniendo metadatos para: https://www.youtube.com/watch?v=g4PYjNyL7BU
2026-08-01 13:21:22 | DEBUG    | download_manager_service.get_video_info | Metadatos obtenidos exitosamente para: Los Palmeras, Emanero, Ulises Bueno, Migrantes - Atorrante en Vivo en El Luna Park
2026-08-01 13:21:22 | DEBUG    | download_manager_service.get_video_info | Obteniendo metadatos para: https://www.youtube.com/watch?v=dU33pjeELss
2026-08-01 13:21:23 | DEBUG    | download_manager_service.get_video_info | Metadatos obtenidos exitosamente para: DE UN TIEMPO A ESTA PARTE -  @LaDelioValdez  ft  @JavierOrtega12
2026-08-01 13:21:23 | DEBUG    | download_manager_service.get_video_info | Obteniendo metadatos para: https://www.youtube.com/watch?v=xGEZVk5ZZUo
2026-08-01 13:21:25 | DEBUG    | download_manager_service.get_video_info | Metadatos obtenidos exitosamente para: Damas Gratis - Si Te vas - Feat El Mago (En Vivo)
2026-08-01 13:21:25 | DEBUG    | download_manager_service.get_video_info | Obteniendo metadatos para: https://www.youtube.com/watch?v=6BZZJIWnHQE
2026-08-01 13:21:26 | DEBUG    | download_manager_service.get_video_info | Metadatos obtenidos exitosamente para: Los Auténticos Decadentes, Los Palmeras - Jurabas tú (Official Video)
2026-08-01 13:21:26 | DEBUG    | download_manager_service.get_video_info | Obteniendo metadatos para: https://www.youtube.com/watch?v=wRbKBJg1QFU
2026-08-01 13:21:28 | DEBUG    | download_manager_service.get_video_info | Metadatos obtenidos exitosamente para: LA DELIO VALDEZ - INOCENTE - (Vivo en Gran Rex)
2026-08-01 13:21:28 | DEBUG    | download_manager_service.get_video_info | Obteniendo metadatos para: https://www.youtube.com/watch?v=Uyion1zTyZY
2026-08-01 13:21:29 | DEBUG    | download_manager_service.get_video_info | Metadatos obtenidos exitosamente para: Los Palmeras, Jorge Rojas - Por Primera Vez (Video Oficial)
2026-08-01 13:21:29 | DEBUG    | download_manager_service.get_video_info | Obteniendo metadatos para: https://www.youtube.com/watch?v=vFCkw3NiKQc
2026-08-01 13:21:30 | DEBUG    | download_manager_service.get_video_info | Metadatos obtenidos exitosamente para: Q' Lokura x La T y La M - Un Montón De Estrellas / El Doctorado / Siguiendo La Luna
2026-08-01 13:21:30 | DEBUG    | download_manager_service.get_video_info | Obteniendo metadatos para: https://www.youtube.com/watch?v=lDmuKWgXO2o
2026-08-01 13:21:32 | DEBUG    | download_manager_service.get_video_info | Metadatos obtenidos exitosamente para: Rolo Sartorio - Sin saber por qué
2026-08-01 13:21:32 | DEBUG    | download_manager_service.get_video_info | Obteniendo metadatos para: https://www.youtube.com/watch?v=y13324evPB0
2026-08-01 13:21:33 | DEBUG    | download_manager_service.get_video_info | Metadatos obtenidos exitosamente para: La Beriso - Miro Hacia Atrás (Official Video)
2026-08-01 13:21:33 | DEBUG    | download_manager_service.get_video_info | Obteniendo metadatos para: https://www.youtube.com/watch?v=MP5IOVTwo_Y
2026-08-01 13:21:35 | DEBUG    | download_manager_service.get_video_info | Metadatos obtenidos exitosamente para: La Beriso - Un Error (En Vivo en el Estadio Único)
2026-08-01 13:21:35 | DEBUG    | download_manager_service.get_video_info | Obteniendo metadatos para: https://www.youtube.com/watch?v=KvIcPIAUyvg
2026-08-01 13:21:36 | DEBUG    | download_manager_service.get_video_info | Metadatos obtenidos exitosamente para: La Beriso - Corazón de Neón (Official Video)
2026-08-01 13:21:36 | DEBUG    | download_manager_service.get_video_info | Obteniendo metadatos para: https://www.youtube.com/watch?v=D29hIZKVdk8
2026-08-01 13:21:37 | DEBUG    | download_manager_service.get_video_info | Metadatos obtenidos exitosamente para: La Beriso - A Mi Manera (Official Audio)
2026-08-01 13:21:37 | DEBUG    | download_manager_service.get_video_info | Obteniendo metadatos para: https://www.youtube.com/watch?v=rEJWNBfDajg
2026-08-01 13:21:39 | DEBUG    | download_manager_service.get_video_info | Metadatos obtenidos exitosamente para: Don Osvaldo - Suerte (Video oficial)
2026-08-01 13:21:39 | DEBUG    | download_manager_service.get_video_info | Obteniendo metadatos para: https://www.youtube.com/watch?v=uXExJrdGJp0
2026-08-01 13:21:41 | DEBUG    | download_manager_service.get_video_info | Metadatos obtenidos exitosamente para: Cordera y La Caravana - El italiano (Video Oficial)
2026-08-01 13:21:41 | DEBUG    | download_manager_service.get_video_info | Obteniendo metadatos para: https://www.youtube.com/watch?v=oYNVqA5OAyk
2026-08-01 13:21:42 | DEBUG    | download_manager_service.get_video_info | Metadatos obtenidos exitosamente para: La Beriso TV - La Beriso - Recordé
2026-08-01 13:21:42 | DEBUG    | download_manager_service.get_video_info | Obteniendo metadatos para: https://www.youtube.com/watch?v=uGLvhXgqRfw
2026-08-01 13:21:43 | DEBUG    | download_manager_service.get_video_info | Metadatos obtenidos exitosamente para: Andrés Calamaro - Mi enfermedad (Audio Oficial)
2026-08-01 13:21:43 | DEBUG    | download_manager_service.get_video_info | Obteniendo metadatos para: https://www.youtube.com/watch?v=3x3FJwyIP7Y
2026-08-01 13:21:44 | DEBUG    | download_manager_service.get_video_info | Metadatos obtenidos exitosamente para: La Beriso - Quiero Salir (En Vivo en Buenos Aires) (Official Audio)
2026-08-01 13:21:44 | DEBUG    | download_manager_service.get_video_info | Obteniendo metadatos para: https://www.youtube.com/watch?v=Yj2C9zw7EsU
2026-08-01 13:21:46 | DEBUG    | download_manager_service.get_video_info | Metadatos obtenidos exitosamente para: Andando Descalzo - Impulso - "20 años Andando"
2026-08-01 13:21:46 | DEBUG    | download_manager_service.get_video_info | Obteniendo metadatos para: https://www.youtube.com/watch?v=xkJrjiZCnCI
2026-08-01 13:21:47 | DEBUG    | download_manager_service.get_video_info | Metadatos obtenidos exitosamente para: Memphis la blusera - La bifurcada (DVD Luna Park "25")
2026-08-01 13:21:47 | DEBUG    | download_manager_service.get_video_info | Obteniendo metadatos para: https://www.youtube.com/watch?v=Ba_M7Y9GxHw
2026-08-01 13:21:48 | DEBUG    | download_manager_service.get_video_info | Metadatos obtenidos exitosamente para: Soda Stereo - Lo Que Sangra (La Cúpula) (El Último Concierto)
2026-08-01 13:21:48 | DEBUG    | download_manager_service.get_video_info | Obteniendo metadatos para: https://www.youtube.com/watch?v=lemZeWv71Ng
2026-08-01 13:21:49 | DEBUG    | download_manager_service.get_video_info | Metadatos obtenidos exitosamente para: La Beriso - Infierno (Sinfónico en Vivo) (Official Video)
2026-08-01 13:21:49 | DEBUG    | download_manager_service.get_video_info | Obteniendo metadatos para: https://www.youtube.com/watch?v=_PUyQZ5Wgfs
2026-08-01 13:21:51 | DEBUG    | download_manager_service.get_video_info | Metadatos obtenidos exitosamente para: Vicios (En Vivo Estadio Vélez Sarsfield) (Official Audio)
2026-08-01 13:21:51 | DEBUG    | download_manager_service.get_video_info | Obteniendo metadatos para: https://www.youtube.com/watch?v=mFWBzO4u3is
2026-08-01 13:21:52 | DEBUG    | download_manager_service.get_video_info | Metadatos obtenidos exitosamente para: Argentina (En Vivo en el Estadio Único)
2026-08-01 13:21:52 | DEBUG    | download_manager_service.get_video_info | Obteniendo metadatos para: https://www.youtube.com/watch?v=UBepv9xxXRg
2026-08-01 13:21:53 | DEBUG    | download_manager_service.get_video_info | Metadatos obtenidos exitosamente para: La Beriso - Insolente (Official Video)
2026-08-01 13:21:53 | DEBUG    | download_manager_service.get_video_info | Obteniendo metadatos para: https://www.youtube.com/watch?v=MI6JvHMtk9I
2026-08-01 13:21:55 | DEBUG    | download_manager_service.get_video_info | Metadatos obtenidos exitosamente para: La Noche sin Ti
2026-08-01 13:21:55 | DEBUG    | download_manager_service.get_video_info | Obteniendo metadatos para: https://www.youtube.com/watch?v=yaxcMQIgzhw
2026-08-01 13:21:56 | DEBUG    | download_manager_service.get_video_info | Metadatos obtenidos exitosamente para: La noche sin ti | Loshuayra.vivo | OFICIAL  HD
2026-08-01 13:21:56 | DEBUG    | download_manager_service.get_video_info | Obteniendo metadatos para: https://www.youtube.com/watch?v=_yd2gY-npnc
2026-08-01 13:21:57 | DEBUG    | download_manager_service.get_video_info | Metadatos obtenidos exitosamente para: Runaway (en vivo en EL COLISEO)
2026-08-01 13:21:57 | DEBUG    | download_manager_service.get_video_info | Obteniendo metadatos para: https://www.youtube.com/watch?v=kwKfWlP3ac8
2026-08-01 13:21:58 | DEBUG    | download_manager_service.get_video_info | Metadatos obtenidos exitosamente para: Las Pelotas - 21 Capitán América (DVD 5x5)
2026-08-01 13:21:58 | DEBUG    | download_manager_service.get_video_info | Obteniendo metadatos para: https://www.youtube.com/watch?v=mgZQZJ1mTuU
2026-08-01 13:22:00 | DEBUG    | download_manager_service.get_video_info | Metadatos obtenidos exitosamente para: Se Necesita
2026-08-01 13:22:00 | DEBUG    | download_manager_service.get_video_info | Obteniendo metadatos para: https://www.youtube.com/watch?v=6RB4wT-Bd8Y
2026-08-01 13:22:01 | DEBUG    | download_manager_service.get_video_info | Metadatos obtenidos exitosamente para: Pappo - Juntos a la Par (Letra)
2026-08-01 13:22:01 | DEBUG    | download_manager_service.get_video_info | Obteniendo metadatos para: https://www.youtube.com/watch?v=CVJskUEm2e0
2026-08-01 13:22:02 | DEBUG    | download_manager_service.get_video_info | Metadatos obtenidos exitosamente para: Otra Tarde (En Directo / WiZink Center / Madrid / 17-11-2019)
2026-08-01 13:22:02 | DEBUG    | download_manager_service.get_video_info | Obteniendo metadatos para: https://www.youtube.com/watch?v=ARqMbFf5NgM
2026-08-01 13:22:03 | DEBUG    | download_manager_service.get_video_info | Metadatos obtenidos exitosamente para: La Beriso - Bandidos (Official Video)
2026-08-01 13:22:03 | DEBUG    | download_manager_service.get_video_info | Obteniendo metadatos para: https://www.youtube.com/watch?v=l-M91DXDBOA
2026-08-01 13:22:04 | DEBUG    | download_manager_service.get_video_info | Metadatos obtenidos exitosamente para: La Beriso - Te Burlaste (En Vivo en el Estadio Único)
2026-08-01 13:22:04 | DEBUG    | download_manager_service.get_video_info | Obteniendo metadatos para: https://www.youtube.com/watch?v=TSRB_vlAG3A
2026-08-01 13:22:06 | DEBUG    | download_manager_service.get_video_info | Metadatos obtenidos exitosamente para: La Beriso - Risas de Pobre (En Vivo Estadio Unico 2017)
2026-08-01 13:22:06 | DEBUG    | download_manager_service.get_video_info | Obteniendo metadatos para: https://www.youtube.com/watch?v=Ss8R3s6xv3M
2026-08-01 13:22:07 | DEBUG    | download_manager_service.get_video_info | Metadatos obtenidos exitosamente para: La Beriso - No Me Olvides (En Vivo)
2026-08-01 13:22:07 | DEBUG    | download_manager_service.get_video_info | Obteniendo metadatos para: https://www.youtube.com/watch?v=V4km8R026Ec
2026-08-01 13:22:08 | DEBUG    | download_manager_service.get_video_info | Metadatos obtenidos exitosamente para: El Éxito (En Vivo en el Luna Park)
2026-08-01 13:22:08 | DEBUG    | download_manager_service.get_video_info | Obteniendo metadatos para: https://www.youtube.com/watch?v=B2IyKhKq-hI
2026-08-01 13:22:10 | DEBUG    | download_manager_service.get_video_info | Metadatos obtenidos exitosamente para: La Renga - Voy A Bailar A La Nave Del Olvido
2026-08-01 13:22:10 | DEBUG    | download_manager_service.get_video_info | Obteniendo metadatos para: https://www.youtube.com/watch?v=P3cKrz1xHAY
2026-08-01 13:22:11 | DEBUG    | download_manager_service.get_video_info | Metadatos obtenidos exitosamente para: Virus - Amor Descartable (Official Audio)
2026-08-01 13:22:11 | DEBUG    | download_manager_service.get_video_info | Obteniendo metadatos para: https://www.youtube.com/watch?v=lguontK4Gk8
2026-08-01 13:22:12 | DEBUG    | download_manager_service.get_video_info | Metadatos obtenidos exitosamente para: Estelares - Emperifollada (Video oficial)
2026-08-01 13:22:12 | DEBUG    | download_manager_service.get_video_info | Obteniendo metadatos para: https://www.youtube.com/watch?v=Z2sLDw2Te9E
2026-08-01 13:22:14 | DEBUG    | download_manager_service.get_video_info | Metadatos obtenidos exitosamente para: La Beriso TV - La Beriso - Ceder
2026-08-01 13:22:14 | DEBUG    | download_manager_service.get_video_info | Obteniendo metadatos para: https://www.youtube.com/watch?v=2DeNBOTS1Hk
2026-08-01 13:22:15 | DEBUG    | download_manager_service.get_video_info | Metadatos obtenidos exitosamente para: La Beriso TV - La Beriso - Calles del sol
2026-08-01 13:22:15 | DEBUG    | download_manager_service.get_video_info | Obteniendo metadatos para: https://www.youtube.com/watch?v=ePF9kj8qgPg
2026-08-01 13:22:16 | DEBUG    | download_manager_service.get_video_info | Metadatos obtenidos exitosamente para: La Beriso - Adiós, Amigos, Adiós (Official Audio)
2026-08-01 13:22:16 | DEBUG    | download_manager_service.get_video_info | Obteniendo metadatos para: https://www.youtube.com/watch?v=l8Gc3NY9Tc8
2026-08-01 13:22:18 | DEBUG    | download_manager_service.get_video_info | Metadatos obtenidos exitosamente para: La Beriso - Contigo (Official Audio)
2026-08-01 13:22:18 | DEBUG    | download_manager_service.get_video_info | Obteniendo metadatos para: https://www.youtube.com/watch?v=mHddHIpYbpk
2026-08-01 13:22:19 | DEBUG    | download_manager_service.get_video_info | Metadatos obtenidos exitosamente para: La Beriso - Enloquecer (Lyric Video)
2026-08-01 13:22:19 | DEBUG    | download_manager_service.get_video_info | Obteniendo metadatos para: https://www.youtube.com/watch?v=IWhVFy17Kt8
2026-08-01 13:22:20 | DEBUG    | download_manager_service.get_video_info | Metadatos obtenidos exitosamente para: La Beriso - Resistir (Lyric Video)
2026-08-01 13:22:20 | DEBUG    | download_manager_service.get_video_info | Obteniendo metadatos para: https://www.youtube.com/watch?v=LdQ5WCWyAoI
2026-08-01 13:22:22 | DEBUG    | download_manager_service.get_video_info | Metadatos obtenidos exitosamente para: La Beriso - Recuerdos (Lyric Video)
2026-08-01 13:22:22 | DEBUG    | download_manager_service.get_video_info | Obteniendo metadatos para: https://www.youtube.com/watch?v=2KKNr0Oc2rw
2026-08-01 13:22:23 | DEBUG    | download_manager_service.get_video_info | Metadatos obtenidos exitosamente para: La Beriso - Mañana (Lyric Video)
2026-08-01 13:22:23 | DEBUG    | download_manager_service.get_video_info | Obteniendo metadatos para: https://www.youtube.com/watch?v=UDWMOOZ7mdw
2026-08-01 13:22:24 | DEBUG    | download_manager_service.get_video_info | Metadatos obtenidos exitosamente para: La Beriso - Amargo Dolor (Lyric Video)
2026-08-01 13:22:24 | DEBUG    | download_manager_service.get_video_info | Obteniendo metadatos para: https://www.youtube.com/watch?v=1ZtCwHi2O9k
2026-08-01 13:22:26 | DEBUG    | download_manager_service.get_video_info | Metadatos obtenidos exitosamente para: La Beriso - Si No Te Hubieras Ido (Official Audio)
2026-08-01 13:22:26 | DEBUG    | download_manager_service.get_video_info | Obteniendo metadatos para: https://www.youtube.com/watch?v=Y4moYnYLwpQ
2026-08-01 13:22:27 | DEBUG    | download_manager_service.get_video_info | Metadatos obtenidos exitosamente para: La Beriso - Te Vas a Arrepentir (Official Audio)
2026-08-01 13:22:27 | DEBUG    | download_manager_service.get_video_info | Obteniendo metadatos para: https://www.youtube.com/watch?v=2eViQmMeWVA
2026-08-01 13:22:28 | DEBUG    | download_manager_service.get_video_info | Metadatos obtenidos exitosamente para: La Beriso - Amor de la Salada (Official Lyric Video) ft. Rocío Quiroz
2026-08-01 13:22:28 | DEBUG    | download_manager_service.get_video_info | Obteniendo metadatos para: https://www.youtube.com/watch?v=DOTNYV8hoQ0
2026-08-01 13:22:29 | DEBUG    | download_manager_service.get_video_info | Metadatos obtenidos exitosamente para: La Beriso TV - La Beriso - Ratas
2026-08-01 13:22:29 | DEBUG    | download_manager_service.get_video_info | Obteniendo metadatos para: https://www.youtube.com/watch?v=Wd1rplH4v7k
2026-08-01 13:22:31 | DEBUG    | download_manager_service.get_video_info | Metadatos obtenidos exitosamente para: La Vela Puerca - Por la Ciudad
2026-08-01 13:22:31 | DEBUG    | download_manager_service.get_video_info | Obteniendo metadatos para: https://www.youtube.com/watch?v=YdldSOBl3oc
2026-08-01 13:22:32 | DEBUG    | download_manager_service.get_video_info | Metadatos obtenidos exitosamente para: Dónde Terminaré (En Vivo en el Estadio River Plate)
2026-08-01 13:22:32 | DEBUG    | download_manager_service.get_video_info | Obteniendo metadatos para: https://www.youtube.com/watch?v=NabLI7HdoLQ
2026-08-01 13:22:34 | DEBUG    | download_manager_service.get_video_info | Metadatos obtenidos exitosamente para: Los Palmeras Ft. Axel - Olvídala (Videoclip Oficial)
2026-08-01 13:22:34 | DEBUG    | download_manager_service.get_video_info | Obteniendo metadatos para: https://www.youtube.com/watch?v=aCyga__HDPY
2026-08-01 13:22:35 | DEBUG    | download_manager_service.get_video_info | Metadatos obtenidos exitosamente para: Los Palmeras Ft. Andrés Calamaro - Asesina (Videoclip Oficial)
2026-08-01 13:22:35 | DEBUG    | download_manager_service.get_video_info | Obteniendo metadatos para: https://www.youtube.com/watch?v=yl4faTtCZYg
2026-08-01 13:22:37 | DEBUG    | download_manager_service.get_video_info | Metadatos obtenidos exitosamente para: Los Palmeras Ft. Marcela Morello - Amor (Videoclip Oficial)
2026-08-01 13:22:37 | DEBUG    | download_manager_service.get_video_info | Obteniendo metadatos para: https://www.youtube.com/watch?v=3byNmGMvdQU
2026-08-01 13:22:38 | DEBUG    | download_manager_service.get_video_info | Metadatos obtenidos exitosamente para: Los Palmeras Ft. Coti - El Embrujo (Videoclip Oficial)
2026-08-01 13:22:38 | DEBUG    | download_manager_service.get_video_info | Obteniendo metadatos para: https://www.youtube.com/watch?v=-4YKxtfwRnA
2026-08-01 13:22:40 | DEBUG    | download_manager_service.get_video_info | Metadatos obtenidos exitosamente para: Los Palmeras Ft. Los Nocheros - Aprenderás a Llorar (Videoclip Oficial)
2026-08-01 13:22:40 | DEBUG    | download_manager_service.get_video_info | Obteniendo metadatos para: https://www.youtube.com/watch?v=XZA3A37ILVo
2026-08-01 13:22:41 | DEBUG    | download_manager_service.get_video_info | Metadatos obtenidos exitosamente para: Leo Mattioli - Llorarás Más de Diez Veces (en vivo en el Opera)
2026-08-01 13:22:41 | DEBUG    | download_manager_service.get_video_info | Obteniendo metadatos para: https://www.youtube.com/watch?v=8e2Ikwd-6-g
2026-08-01 13:22:43 | DEBUG    | download_manager_service.get_video_info | Metadatos obtenidos exitosamente para: Q' Lokura -  Cuarteto Sessions #3
2026-08-01 13:22:43 | DEBUG    | download_manager_service.get_video_info | Obteniendo metadatos para: https://www.youtube.com/watch?v=4kuVj1lt_Dk
2026-08-01 13:22:44 | DEBUG    | download_manager_service.get_video_info | Metadatos obtenidos exitosamente para: La Konga, Matias Valdez - LATIDOS (Video Oficial)
2026-08-01 13:22:44 | DEBUG    | download_manager_service.get_video_info | Obteniendo metadatos para: https://www.youtube.com/watch?v=UY61aYp_XMU
2026-08-01 13:22:45 | DEBUG    | download_manager_service.get_video_info | Metadatos obtenidos exitosamente para: Angela Leiva, Eugenia Quevedo - Cómo Lo Hizo - No Podrás (En Vivo)
2026-08-01 13:22:45 | DEBUG    | download_manager_service.get_video_info | Obteniendo metadatos para: https://www.youtube.com/watch?v=66I0jRrkx2I
2026-08-01 13:22:46 | DEBUG    | download_manager_service.get_video_info | Metadatos obtenidos exitosamente para: Leo Mattioli - La Mujer que Quiero Tener (en vivo en el Opera)
2026-08-01 13:22:46 | DEBUG    | download_manager_service.get_video_info | Obteniendo metadatos para: https://www.youtube.com/watch?v=P5iXvjML0hg
2026-08-01 13:22:48 | DEBUG    | download_manager_service.get_video_info | Metadatos obtenidos exitosamente para: Luciano Pereyra, Ezequiel y La Clave, Un Poco de Ruido y Pinky SD - Si No Es Muy Tarde
2026-08-01 13:22:48 | DEBUG    | download_manager_service.get_video_info | Obteniendo metadatos para: https://www.youtube.com/watch?v=pEI7r4TFi3g
2026-08-01 13:22:49 | DEBUG    | download_manager_service.get_video_info | Metadatos obtenidos exitosamente para: La Kuppé - Cuidado Que Te Supero / Calumnia / Tattoo (Video Oficial)
2026-08-01 13:22:49 | DEBUG    | download_manager_service.get_video_info | Obteniendo metadatos para: https://www.youtube.com/watch?v=AhZvCgk1Ay4
2026-08-01 13:22:51 | DEBUG    | download_manager_service.get_video_info | Metadatos obtenidos exitosamente para: Emanero, Karina, J mena, Angela Torres - SINVERGÜENZA (Official Video)
2026-08-01 13:22:51 | DEBUG    | download_manager_service.get_video_info | Obteniendo metadatos para: https://www.youtube.com/watch?v=Nm18zDXBFWE
2026-08-01 13:22:52 | DEBUG    | download_manager_service.get_video_info | Metadatos obtenidos exitosamente para: Soledad canta Late el Sur, la canción oficial de los Suramericanos Santa Fe 2026
2026-08-01 13:22:52 | DEBUG    | download_manager_service.get_video_info | Obteniendo metadatos para: https://www.youtube.com/watch?v=WLWDrHVc4w8
2026-08-01 13:22:53 | DEBUG    | download_manager_service.get_video_info | Metadatos obtenidos exitosamente para: LEVANTARE BANDERA / PIEDRAS VIVAS feat. ULTIMA ESTACION (en vivo en San Miguel)
2026-08-01 13:22:53 | DEBUG    | download_manager_service.get_video_info | Obteniendo metadatos para: https://www.youtube.com/watch?v=xp7O8opDfHo
2026-08-01 13:22:54 | DEBUG    | download_manager_service.get_video_info | Metadatos obtenidos exitosamente para: CIRO y los Persas - HÉROES DE MALVINAS
2026-08-01 13:22:54 | DEBUG    | download_manager_service.get_video_info | Obteniendo metadatos para: https://www.youtube.com/watch?v=6_wOIilbj5U
2026-08-01 13:22:56 | DEBUG    | download_manager_service.get_video_info | Metadatos obtenidos exitosamente para: Dos imanes (Las Ventas 2015)
2026-08-01 13:22:56 | DEBUG    | download_manager_service.get_video_info | Obteniendo metadatos para: https://www.youtube.com/watch?v=oTjWTEYgKlI
2026-08-01 13:22:57 | DEBUG    | download_manager_service.get_video_info | Metadatos obtenidos exitosamente para: La Beriso - Encarcelado (En Vivo Estadio Unico 2017) (Official Audio)
2026-08-01 13:22:57 | DEBUG    | download_manager_service.get_video_info | Obteniendo metadatos para: https://www.youtube.com/watch?v=ddVenHjMuwk
2026-08-01 13:22:58 | DEBUG    | download_manager_service.get_video_info | Metadatos obtenidos exitosamente para: Pulposa Satisfacción
2026-08-01 13:22:58 | DEBUG    | download_manager_service.get_video_info | Obteniendo metadatos para: https://www.youtube.com/watch?v=FyNs1Ug0pNs
2026-08-01 13:22:59 | DEBUG    | download_manager_service.get_video_info | Metadatos obtenidos exitosamente para: DAME
2026-08-01 13:22:59 | DEBUG    | download_manager_service.get_video_info | Obteniendo metadatos para: https://www.youtube.com/watch?v=6h6fdOGscPM
2026-08-01 13:23:01 | DEBUG    | download_manager_service.get_video_info | Metadatos obtenidos exitosamente para: La Beriso - Te Burlaste (Lyric Video)
2026-08-01 13:23:01 | DEBUG    | download_manager_service.get_video_info | Obteniendo metadatos para: https://www.youtube.com/watch?v=iZ0CVQBxohU
2026-08-01 13:23:02 | DEBUG    | download_manager_service.get_video_info | Metadatos obtenidos exitosamente para: La Beriso - Legui (En Vivo Estadio Vélez Sarsfield) (Official Audio)
2026-08-01 13:23:02 | DEBUG    | download_manager_service.get_video_info | Obteniendo metadatos para: https://www.youtube.com/watch?v=QOHXXYcuKCA
2026-08-01 13:23:03 | DEBUG    | download_manager_service.get_video_info | Metadatos obtenidos exitosamente para: La Beriso - Me Vuelvo Loco (Official Audio)
2026-08-01 13:23:03 | DEBUG    | download_manager_service.get_video_info | Obteniendo metadatos para: https://www.youtube.com/watch?v=pW3y5nGBo9k
2026-08-01 13:23:05 | DEBUG    | download_manager_service.get_video_info | Metadatos obtenidos exitosamente para: La Beriso - Mi Destino (Lyric Video)
2026-08-01 13:23:05 | DEBUG    | download_manager_service.get_video_info | Obteniendo metadatos para: https://www.youtube.com/watch?v=wjv6j9QzvX4
2026-08-01 13:23:06 | DEBUG    | download_manager_service.get_video_info | Metadatos obtenidos exitosamente para: Cacho Castaña y Leo Mattioli - Tramposa y Mentirosa
2026-08-01 13:23:06 | DEBUG    | download_manager_service.get_video_info | Obteniendo metadatos para: https://www.youtube.com/watch?v=foUVwOEwceI
2026-08-01 13:23:08 | DEBUG    | download_manager_service.get_video_info | Metadatos obtenidos exitosamente para: Dale Q´ Va - Tanto la quería - Vivir sin aire - No podrás (en vivo Quality Arena)
2026-08-01 13:23:08 | DEBUG    | download_manager_service.get_video_info | Obteniendo metadatos para: https://www.youtube.com/watch?v=wA6S57yVqA8
2026-08-01 13:23:09 | DEBUG    | download_manager_service.get_video_info | Metadatos obtenidos exitosamente para: Los Palmeras Ft. Soledad - La Suavecita (Videoclip Oficial)
2026-08-01 13:23:09 | DEBUG    | download_manager_service.get_video_info | Obteniendo metadatos para: https://www.youtube.com/watch?v=Ov-cV4YiKT4
2026-08-01 13:23:11 | DEBUG    | download_manager_service.get_video_info | Metadatos obtenidos exitosamente para: Los Palmeras Ft. La Mosca  - Qué Quiere la Chola (Videoclip Oficial)
2026-08-01 13:23:11 | DEBUG    | download_manager_service.get_video_info | Obteniendo metadatos para: https://www.youtube.com/watch?v=VBZKKlBcT4g
2026-08-01 13:23:12 | DEBUG    | download_manager_service.get_video_info | Metadatos obtenidos exitosamente para: Los Palmeras Ft. Chaqueño Palavecino - Doble Vida (Videoclip Oficial)
2026-08-01 13:23:12 | DEBUG    | download_manager_service.get_video_info | Obteniendo metadatos para: https://www.youtube.com/watch?v=XuSsTPrs_vY
2026-08-01 13:23:13 | DEBUG    | download_manager_service.get_video_info | Metadatos obtenidos exitosamente para: Angela Leiva - Homenaje a Gilda (En Vivo)
2026-08-01 13:23:13 | DEBUG    | download_manager_service.get_video_info | Obteniendo metadatos para: https://www.youtube.com/watch?v=ynSmneT1tiU
2026-08-01 13:23:14 | DEBUG    | download_manager_service.get_video_info | Metadatos obtenidos exitosamente para: Silvestre Dangond, ELENA ROSE - Efectos Secundarios (Official Video)
2026-08-01 13:23:14 | DEBUG    | download_manager_service.get_video_info | Obteniendo metadatos para: https://www.youtube.com/watch?v=q6kSvWkjuKg
2026-08-01 13:23:16 | DEBUG    | download_manager_service.get_video_info | Metadatos obtenidos exitosamente para: La Beriso TV - La Beriso - El mundo a mis pies (Homenaje a Diego Armando Maradona)
2026-08-01 13:23:16 | DEBUG    | download_manager_service.get_video_info | Obteniendo metadatos para: https://www.youtube.com/watch?v=mpiarPvQgNw
2026-08-01 13:23:17 | DEBUG    | download_manager_service.get_video_info | Metadatos obtenidos exitosamente para: Milo J - Solifican12 (Live from NPR's Tiny Desk - Audio)
2026-08-01 13:23:17 | DEBUG    | download_manager_service.get_video_info | Obteniendo metadatos para: https://www.youtube.com/watch?v=hf5IFwApHKs
2026-08-01 13:23:18 | DEBUG    | download_manager_service.get_video_info | Metadatos obtenidos exitosamente para: Efectos Secundarios
2026-08-01 13:23:18 | DEBUG    | download_manager_service.get_video_info | Obteniendo metadatos para: https://www.youtube.com/watch?v=8HYoGL4gOT8
2026-08-01 13:23:20 | DEBUG    | download_manager_service.get_video_info | Metadatos obtenidos exitosamente para: One by One (Bright-Side Mix)
2026-08-01 13:23:20 | DEBUG    | download_manager_service.get_video_info | Obteniendo metadatos para: https://www.youtube.com/watch?v=XbRE4yxSTxY
2026-08-01 13:23:21 | DEBUG    | download_manager_service.get_video_info | Metadatos obtenidos exitosamente para: Roze Oficial, Max Carra, Valen, RAMKY EN LOS CONTROLES - Tu jardín con enanitos (Official Video)
2026-08-01 13:23:21 | DEBUG    | download_manager_service.get_video_info | Obteniendo metadatos para: https://www.youtube.com/watch?v=b-9gJ1Gc8rE
2026-08-01 13:23:22 | DEBUG    | download_manager_service.get_video_info | Metadatos obtenidos exitosamente para: Ariana Grande - kiss me (official visualizer)
2026-08-01 13:23:22 | DEBUG    | download_manager_service.get_video_info | Obteniendo metadatos para: https://www.youtube.com/watch?v=0J6tGMnBLlM
2026-08-01 13:23:23 | DEBUG    | download_manager_service.get_video_info | Metadatos obtenidos exitosamente para: Ariana Grande - stay (official visualizer)
2026-08-01 13:23:23 | DEBUG    | download_manager_service.get_video_info | Obteniendo metadatos para: https://www.youtube.com/watch?v=oRnxdl2SPWU
2026-08-01 13:23:25 | DEBUG    | download_manager_service.get_video_info | Metadatos obtenidos exitosamente para: Ariana Grande - petal (official visualizer)
2026-08-01 13:23:25 | DEBUG    | download_manager_service.get_video_info | Obteniendo metadatos para: https://www.youtube.com/watch?v=BeoL2D-37I4
2026-08-01 13:23:26 | DEBUG    | download_manager_service.get_video_info | Metadatos obtenidos exitosamente para: Ariana Grande - never get over me (official visualizer)
2026-08-01 13:23:26 | DEBUG    | download_manager_service.get_video_info | Obteniendo metadatos para: https://www.youtube.com/watch?v=XGKJxb2b3ZI
2026-08-01 13:23:28 | DEBUG    | download_manager_service.get_video_info | Metadatos obtenidos exitosamente para: benny blanco, Selena Gomez, Becky G - Te Olvido (La La) [Official Music Video]
2026-08-01 13:23:28 | DEBUG    | download_manager_service.get_video_info | Obteniendo metadatos para: https://www.youtube.com/watch?v=WZNr8nPFJVw
2026-08-01 13:23:29 | DEBUG    | download_manager_service.get_video_info | Metadatos obtenidos exitosamente para: Ariana Grande - bad thing (bunny hop) (official visualizer)
2026-08-01 13:23:29 | DEBUG    | download_manager_service.get_video_info | Obteniendo metadatos para: https://www.youtube.com/watch?v=ovyobyRXYew
2026-08-01 13:23:30 | DEBUG    | download_manager_service.get_video_info | Metadatos obtenidos exitosamente para: Fred again.., LATIN MAFIA - Hey Hey
2026-08-01 13:23:30 | DEBUG    | download_manager_service.get_video_info | Obteniendo metadatos para: https://www.youtube.com/watch?v=yCpXjLibQZw
2026-08-01 13:23:31 | DEBUG    | download_manager_service.get_video_info | Metadatos obtenidos exitosamente para: Ariana Grande - freak (official visualizer)
2026-08-01 13:23:31 | DEBUG    | download_manager_service.get_video_info | Obteniendo metadatos para: https://www.youtube.com/watch?v=PfRKtsz-Mwg
2026-08-01 13:23:33 | DEBUG    | download_manager_service.get_video_info | Metadatos obtenidos exitosamente para: Fred again.., LATIN MAFIA, Lil Yachty - Halo
2026-08-01 13:23:33 | DEBUG    | download_manager_service.get_video_info | Obteniendo metadatos para: https://www.youtube.com/watch?v=Tja6P2OoPoY
2026-08-01 13:23:34 | DEBUG    | download_manager_service.get_video_info | Metadatos obtenidos exitosamente para: Ariana Grande - big feelings (official visualizer)
2026-08-01 13:23:34 | DEBUG    | download_manager_service.get_video_info | Obteniendo metadatos para: https://www.youtube.com/watch?v=NugCpr0EVwU
2026-08-01 13:23:35 | DEBUG    | download_manager_service.get_video_info | Metadatos obtenidos exitosamente para: Fred again.., Brian Eno, LATIN MAFIA - Cmon (LATIN MAFIA & Fred edit)
2026-08-01 13:23:35 | DEBUG    | download_manager_service.get_video_info | Obteniendo metadatos para: https://www.youtube.com/watch?v=_lKbPBS5HEQ
2026-08-01 13:23:37 | DEBUG    | download_manager_service.get_video_info | Metadatos obtenidos exitosamente para: Ariana Grande - oh well (official visualizer)
2026-08-01 13:23:37 | DEBUG    | download_manager_service.get_video_info | Obteniendo metadatos para: https://www.youtube.com/watch?v=-2t3FsbPbwI
2026-08-01 13:23:38 | DEBUG    | download_manager_service.get_video_info | Metadatos obtenidos exitosamente para: Fred again.., LATIN MAFIA - Piensas En Mi
2026-08-01 13:23:38 | DEBUG    | download_manager_service.get_video_info | Obteniendo metadatos para: https://www.youtube.com/watch?v=fL9bWoQ60wk
2026-08-01 13:23:40 | DEBUG    | download_manager_service.get_video_info | Metadatos obtenidos exitosamente para: Fred again.., LATIN MAFIA - I wish It wasn't
2026-08-01 13:23:40 | DEBUG    | download_manager_service.get_video_info | Obteniendo metadatos para: https://www.youtube.com/watch?v=k7SDstVAD78
2026-08-01 13:23:41 | DEBUG    | download_manager_service.get_video_info | Metadatos obtenidos exitosamente para: Ariana Grande - nowhere, nobody (official visualizer)
2026-08-01 13:23:41 | DEBUG    | download_manager_service.get_video_info | Obteniendo metadatos para: https://www.youtube.com/watch?v=qj43MfnUw3o
2026-08-01 13:23:42 | DEBUG    | download_manager_service.get_video_info | Metadatos obtenidos exitosamente para: LATIN MAFIA, Fred again.. - Alvafro
2026-08-01 13:23:42 | DEBUG    | download_manager_service.get_video_info | Obteniendo metadatos para: https://www.youtube.com/watch?v=Qop3kRjZuN0
2026-08-01 13:23:43 | DEBUG    | download_manager_service.get_video_info | Metadatos obtenidos exitosamente para: Leo Mattioli - Me Preocupa Sin Ti (En Directo Piel con Piel) | Versión Restaurada
2026-08-01 13:23:43 | DEBUG    | download_manager_service.get_video_info | Obteniendo metadatos para: https://www.youtube.com/watch?v=8KpMDCxEL5s
2026-08-01 13:23:44 | DEBUG    | download_manager_service.get_video_info | Metadatos obtenidos exitosamente para: Así
2026-08-01 13:23:44 | DEBUG    | download_manager_service.get_video_info | Obteniendo metadatos para: https://www.youtube.com/watch?v=XCLcvz9LO64
2026-08-01 13:23:46 | DEBUG    | download_manager_service.get_video_info | Metadatos obtenidos exitosamente para: Fred again.., LATIN MAFIA, Mabe Fratti - Mabe
2026-08-01 13:23:46 | DEBUG    | download_manager_service.get_video_info | Obteniendo metadatos para: https://www.youtube.com/watch?v=zkLWaIHC0fE
2026-08-01 13:23:47 | DEBUG    | download_manager_service.get_video_info | Metadatos obtenidos exitosamente para: Ariana Grande - warning signs (interlude) (official visualizer)
2026-08-01 13:23:47 | DEBUG    | download_manager_service.get_video_info | Obteniendo metadatos para: https://www.youtube.com/watch?v=fVa6cmgPCAs
2026-08-01 13:23:48 | DEBUG    | download_manager_service.get_video_info | Metadatos obtenidos exitosamente para: The Durutti Column - For Friends Everywhere (Official Visualiser)
2026-08-01 13:23:48 | DEBUG    | download_manager_service.get_video_info | Obteniendo metadatos para: https://www.youtube.com/watch?v=dfAnWGJTyhE
2026-08-01 13:23:49 | DEBUG    | download_manager_service.get_video_info | Metadatos obtenidos exitosamente para: Paola Jara - Mi Momento más Humilde (Video Oficial)
2026-08-01 13:23:49 | DEBUG    | download_manager_service.get_video_info | Obteniendo metadatos para: https://www.youtube.com/watch?v=I_nqxGlgBFs
2026-08-01 13:23:51 | DEBUG    | download_manager_service.get_video_info | Metadatos obtenidos exitosamente para: The Durutti Column - Your Shadow at Evening (Official Visualiser)
2026-08-01 13:23:51 | DEBUG    | download_manager_service.get_video_info | Obteniendo metadatos para: https://www.youtube.com/watch?v=Hjc4adpNEzA
2026-08-01 13:23:52 | ERROR    | download_manager_service.get_video_info | Error al obtener metadatos de https://www.youtube.com/watch?v=Hjc4adpNEzA: [0;31mERROR:[0m [youtube] Hjc4adpNEzA: This video is not available
2026-08-01 13:23:52 | DEBUG    | download_manager_service.get_video_info | Obteniendo metadatos para: https://www.youtube.com/watch?v=Jj9T-RC3OOQ
2026-08-01 13:23:53 | DEBUG    | download_manager_service.get_video_info | Metadatos obtenidos exitosamente para: Abraham Mateo, Maria Becerra, Big One - Así (Video Oficial)
2026-08-01 13:23:53 | DEBUG    | download_manager_service.get_video_info | Obteniendo metadatos para: https://www.youtube.com/watch?v=LrP_NCLaboE
2026-08-01 13:23:55 | DEBUG    | download_manager_service.get_video_info | Metadatos obtenidos exitosamente para: Billy Strings - Mill Town Flood (Official Video)
2026-08-01 13:23:55 | DEBUG    | download_manager_service.get_video_info | Obteniendo metadatos para: https://www.youtube.com/watch?v=6gx2IGiXFrQ
2026-08-01 13:23:56 | DEBUG    | download_manager_service.get_video_info | Metadatos obtenidos exitosamente para: ME LEVANTÉ (Y no me pueden parar) | Electro Pop Cover | Dj Sergio Roldan
2026-08-01 13:23:56 | DEBUG    | download_manager_service.get_video_info | Obteniendo metadatos para: https://www.youtube.com/watch?v=w1zvVhUSmEk
2026-08-01 13:23:58 | DEBUG    | download_manager_service.get_video_info | Metadatos obtenidos exitosamente para: Armin van Buuren vs. SACHA - Everlasting (Tomorrowland Main Stage 2026)
2026-08-01 13:23:58 | DEBUG    | download_manager_service.get_video_info | Obteniendo metadatos para: https://www.youtube.com/watch?v=SGp1sUM9Yt4
2026-08-01 13:23:59 | DEBUG    | download_manager_service.get_video_info | Metadatos obtenidos exitosamente para: La Beriso - Cómo Olvidarme (En Vivo en el Estadio River Plate)
2026-08-01 13:23:59 | DEBUG    | download_manager_service.get_video_info | Obteniendo metadatos para: https://www.youtube.com/watch?v=D9bRkbTgMss
2026-08-01 13:24:00 | DEBUG    | download_manager_service.get_video_info | Metadatos obtenidos exitosamente para: AI Animated Short Film - The Art Of Being Strange - Kelly Boesch | 4K
2026-08-01 13:24:00 | DEBUG    | download_manager_service.get_video_info | Obteniendo metadatos para: https://www.youtube.com/watch?v=afSgBNwmZrQ
2026-08-01 13:24:02 | DEBUG    | download_manager_service.get_video_info | Metadatos obtenidos exitosamente para: Ariana Grande - petal (official music video)
2026-08-01 13:24:02 | DEBUG    | download_manager_service.get_video_info | Obteniendo metadatos para: https://www.youtube.com/watch?v=oQfWa3WQXqg
2026-08-01 13:24:03 | DEBUG    | download_manager_service.get_video_info | Metadatos obtenidos exitosamente para: Slayyyter - brand new chanel$ (Official Video)
2026-08-01 13:24:03 | DEBUG    | download_manager_service.get_video_info | Obteniendo metadatos para: https://www.youtube.com/watch?v=xYHGE93zeQY
2026-08-01 13:24:04 | DEBUG    | download_manager_service.get_video_info | Metadatos obtenidos exitosamente para: DHURATA DORA ft GJESTI - GASOLINA (Official Video)
2026-08-01 13:24:04 | DEBUG    | download_manager_service.get_video_info | Obteniendo metadatos para: https://www.youtube.com/watch?v=725agrIdBRk
2026-08-01 13:24:06 | DEBUG    | download_manager_service.get_video_info | Metadatos obtenidos exitosamente para: GRUPO RED MIX | Nico Vallorani + Emus DJ
2026-08-01 13:24:06 | DEBUG    | download_manager_service.get_video_info | Obteniendo metadatos para: https://www.youtube.com/watch?v=w3_N_hFEj1I
2026-08-01 13:24:07 | DEBUG    | download_manager_service.get_video_info | Metadatos obtenidos exitosamente para: Arca - Willow (Audio)
2026-08-01 13:24:07 | DEBUG    | download_manager_service.get_video_info | Obteniendo metadatos para: https://www.youtube.com/watch?v=3ABFdpylwgc
2026-08-01 13:24:08 | DEBUG    | download_manager_service.get_video_info | Metadatos obtenidos exitosamente para: GROWiNG OLDER
2026-08-01 13:24:08 | DEBUG    | download_manager_service.get_video_info | Obteniendo metadatos para: https://www.youtube.com/watch?v=McwgbEBlqgY
2026-08-01 13:24:10 | DEBUG    | download_manager_service.get_video_info | Metadatos obtenidos exitosamente para: One song away from crying
2026-08-01 13:24:10 | DEBUG    | download_manager_service.get_video_info | Obteniendo metadatos para: https://www.youtube.com/watch?v=BD5T4kyW6c4
2026-08-01 13:24:11 | DEBUG    | download_manager_service.get_video_info | Metadatos obtenidos exitosamente para: Enraptured
2026-08-01 13:24:11 | DEBUG    | download_manager_service.get_video_info | Obteniendo metadatos para: https://www.youtube.com/watch?v=_Pk6xfju3l0
2026-08-01 13:24:12 | DEBUG    | download_manager_service.get_video_info | Metadatos obtenidos exitosamente para: ILLIT (아일릿) 'I Got Your Back (Feat. JISOO, MOMOKA of HANA)' Official MV
2026-08-01 13:24:12 | DEBUG    | download_manager_service.get_video_info | Obteniendo metadatos para: https://www.youtube.com/watch?v=Cv1AXnX8DjU
2026-08-01 13:24:14 | DEBUG    | download_manager_service.get_video_info | Metadatos obtenidos exitosamente para: Five Nights at Freddy's: Secret of the Mimic Song - It Doesn't Matter - The Living Tombstone
2026-08-01 13:24:14 | DEBUG    | download_manager_service.get_video_info | Obteniendo metadatos para: https://www.youtube.com/watch?v=BLSKmBac59Y
2026-08-01 13:24:15 | DEBUG    | download_manager_service.get_video_info | Metadatos obtenidos exitosamente para: GIRLS vs BOYS
2026-08-01 13:25:35 | INFO     | download_manager_service.download_batch_parallel | Iniciando descarga PARALELA de 331 elementos con 5 workers.
2026-08-01 13:25:35 | INFO     | download_manager_service._download_with_retry | Iniciando descarga (Audio (MP3), 320) - Intento 1/3: https://www.youtube.com/watch?v=xZkL1Tui2vI
2026-08-01 13:25:35 | INFO     | download_manager_service._download_with_retry | Iniciando descarga (Audio (MP3), 320) - Intento 1/3: https://www.youtube.com/watch?v=qkkG6g6vT34
2026-08-01 13:25:35 | DEBUG    | download_manager_service.get_video_info | Obteniendo metadatos para: https://www.youtube.com/watch?v=xZkL1Tui2vI
2026-08-01 13:25:35 | INFO     | download_manager_service._download_with_retry | Iniciando descarga (Audio (MP3), 320) - Intento 1/3: https://www.youtube.com/watch?v=N0Cd5uDntpY
2026-08-01 13:25:35 | DEBUG    | download_manager_service.get_video_info | Obteniendo metadatos para: https://www.youtube.com/watch?v=qkkG6g6vT34
2026-08-01 13:25:35 | INFO     | download_manager_service._download_with_retry | Iniciando descarga (Audio (MP3), 320) - Intento 1/3: https://www.youtube.com/watch?v=j7uxvgJcWqc
2026-08-01 13:25:35 | INFO     | download_manager_service._download_with_retry | Iniciando descarga (Audio (MP3), 320) - Intento 1/3: https://www.youtube.com/watch?v=2zqLtAlW8C4
2026-08-01 13:25:35 | DEBUG    | download_manager_service.get_video_info | Obteniendo metadatos para: https://www.youtube.com/watch?v=N0Cd5uDntpY
2026-08-01 13:25:35 | DEBUG    | download_manager_service.get_video_info | Obteniendo metadatos para: https://www.youtube.com/watch?v=j7uxvgJcWqc
2026-08-01 13:25:35 | DEBUG    | download_manager_service.get_video_info | Obteniendo metadatos para: https://www.youtube.com/watch?v=2zqLtAlW8C4
2026-08-01 13:25:37 | DEBUG    | download_manager_service.get_video_info | Metadatos obtenidos exitosamente para: La Beriso - Otra Noche Más (Official Video)
2026-08-01 13:25:37 | DEBUG    | download_manager_service.get_video_info | Metadatos obtenidos exitosamente para: No Te Va Gustar - A las nueve
2026-08-01 13:25:37 | DEBUG    | download_manager_service.get_video_info | Metadatos obtenidos exitosamente para: La Beriso - Madrugada (Official Video)
2026-08-01 13:25:37 | DEBUG    | download_manager_service.get_video_info | Metadatos obtenidos exitosamente para: La Beriso - Traicionero (En Vivo en el Estadio Único)
2026-08-01 13:25:37 | DEBUG    | download_manager_service.get_video_info | Metadatos obtenidos exitosamente para: Vicentico - Solo un Momento (En Vivo en Corrientes)
2026-08-01 13:25:39 | WARNING  | download_manager_service._download_with_retry | Intento 1 fallido para https://www.youtube.com/watch?v=j7uxvgJcWqc. Error: [0;31mERROR:[0m unable to download video data: HTTP Error 403: Forbidden
2026-08-01 13:25:39 | INFO     | download_manager_service._download_with_retry | Degradando calidad a 320 para el siguiente intento.
2026-08-01 13:25:41 | INFO     | download_manager_service._download_with_retry | Iniciando descarga (Audio (MP3), 320) - Intento 2/3: https://www.youtube.com/watch?v=j7uxvgJcWqc
2026-08-01 13:25:41 | DEBUG    | download_manager_service.get_video_info | Obteniendo metadatos para: https://www.youtube.com/watch?v=j7uxvgJcWqc
2026-08-01 13:25:43 | DEBUG    | download_manager_service.get_video_info | Metadatos obtenidos exitosamente para: No Te Va Gustar - A las nueve
2026-08-01 13:25:44 | WARNING  | download_manager_service._download_with_retry | Intento 2 fallido para https://www.youtube.com/watch?v=j7uxvgJcWqc. Error: [0;31mERROR:[0m unable to download video data: HTTP Error 403: Forbidden
2026-08-01 13:25:44 | INFO     | download_manager_service._download_with_retry | Degradando calidad a 320 para el siguiente intento.
2026-08-01 13:25:46 | INFO     | download_manager_service._download_with_retry | Iniciando descarga (Audio (MP3), 320) - Intento 3/3: https://www.youtube.com/watch?v=j7uxvgJcWqc
2026-08-01 13:25:46 | DEBUG    | download_manager_service.get_video_info | Obteniendo metadatos para: https://www.youtube.com/watch?v=j7uxvgJcWqc
2026-08-01 13:25:48 | DEBUG    | download_manager_service.get_video_info | Metadatos obtenidos exitosamente para: No Te Va Gustar - A las nueve
2026-08-01 13:25:48 | INFO     | download_manager_service._download_with_retry | Descarga completada exitosamente: La Beriso - Otra Noche Más (Official Video).mp3
2026-08-01 13:25:48 | INFO     | download_manager_service._download_with_retry | Iniciando descarga (Audio (MP3), 320) - Intento 1/3: https://www.youtube.com/watch?v=JLbBrJLdb2E
2026-08-01 13:25:48 | DEBUG    | download_manager_service.get_video_info | Obteniendo metadatos para: https://www.youtube.com/watch?v=JLbBrJLdb2E
2026-08-01 13:25:48 | INFO     | download_manager_service._download_with_retry | Descarga completada exitosamente: La Beriso - Madrugada (Official Video).mp3
2026-08-01 13:25:48 | INFO     | download_manager_service._download_with_retry | Iniciando descarga (Audio (MP3), 320) - Intento 1/3: https://www.youtube.com/watch?v=tVvTDVswTxQ
2026-08-01 13:25:48 | DEBUG    | download_manager_service.get_video_info | Obteniendo metadatos para: https://www.youtube.com/watch?v=tVvTDVswTxQ
2026-08-01 13:25:49 | DEBUG    | download_manager_service.get_video_info | Metadatos obtenidos exitosamente para: La Beriso - No Me Olvides (En Vivo en el Estadio River Plate)
2026-08-01 13:25:49 | INFO     | download_manager_service._download_with_retry | Descarga completada exitosamente: Vicentico - Solo un Momento (En Vivo en Corrientes).mp3
2026-08-01 13:25:49 | INFO     | download_manager_service._download_with_retry | Iniciando descarga (Audio (MP3), 320) - Intento 1/3: https://www.youtube.com/watch?v=-8vxXsfbxj4
2026-08-01 13:25:49 | DEBUG    | download_manager_service.get_video_info | Obteniendo metadatos para: https://www.youtube.com/watch?v=-8vxXsfbxj4
2026-08-01 13:25:50 | DEBUG    | download_manager_service.get_video_info | Metadatos obtenidos exitosamente para: Ji Ji Ji - Estadio Único de La Plata - Indio en Concierto [2008] Full HD
2026-08-01 13:25:51 | DEBUG    | download_manager_service.get_video_info | Metadatos obtenidos exitosamente para: Mancha de Rolando - Arde la ciudad (video oficial) HD
2026-08-01 13:25:55 | INFO     | download_manager_service._download_with_retry | Descarga completada exitosamente: No Te Va Gustar - A las nueve.mp3
2026-08-01 13:25:55 | INFO     | download_manager_service._download_with_retry | Iniciando descarga (Audio (MP3), 320) - Intento 1/3: https://www.youtube.com/watch?v=3NvM3OyXMWo
2026-08-01 13:25:55 | DEBUG    | download_manager_service.get_video_info | Obteniendo metadatos para: https://www.youtube.com/watch?v=3NvM3OyXMWo
2026-08-01 13:25:56 | DEBUG    | download_manager_service.get_video_info | Metadatos obtenidos exitosamente para: Los Caballeros de la Quema - Avanti Morocha
2026-08-01 13:25:58 | INFO     | download_manager_service._download_with_retry | Descarga completada exitosamente: Mancha de Rolando - Arde la ciudad (video oficial) HD.mp3
2026-08-01 13:25:58 | INFO     | download_manager_service._download_with_retry | Iniciando descarga (Audio (MP3), 320) - Intento 1/3: https://www.youtube.com/watch?v=nsRGCE6qNmQ
2026-08-01 13:25:58 | DEBUG    | download_manager_service.get_video_info | Obteniendo metadatos para: https://www.youtube.com/watch?v=nsRGCE6qNmQ
2026-08-01 13:25:59 | DEBUG    | download_manager_service.get_video_info | Metadatos obtenidos exitosamente para: Los Autenticos decadentes - El pájaro vió el cielo y se volo / Loco tu forma de ser ("SOMOS")
2026-08-01 13:26:00 | INFO     | download_manager_service._download_with_retry | Descarga completada exitosamente: Ji Ji Ji - Estadio Único de La Plata - Indio en Concierto [2008] Full HD.mp3
2026-08-01 13:26:00 | INFO     | download_manager_service._download_with_retry | Iniciando descarga (Audio (MP3), 320) - Intento 1/3: https://www.youtube.com/watch?v=LfyBZooTlVc
2026-08-01 13:26:00 | DEBUG    | download_manager_service.get_video_info | Obteniendo metadatos para: https://www.youtube.com/watch?v=LfyBZooTlVc
2026-08-01 13:26:01 | INFO     | download_manager_service._download_with_retry | Descarga completada exitosamente: La Beriso - No Me Olvides (En Vivo en el Estadio River Plate).mp3
2026-08-01 13:26:01 | INFO     | download_manager_service._download_with_retry | Iniciando descarga (Audio (MP3), 320) - Intento 1/3: https://www.youtube.com/watch?v=oTpEBaqM3kQ
2026-08-01 13:26:01 | DEBUG    | download_manager_service.get_video_info | Obteniendo metadatos para: https://www.youtube.com/watch?v=oTpEBaqM3kQ
2026-08-01 13:26:01 | DEBUG    | download_manager_service.get_video_info | Metadatos obtenidos exitosamente para: La Vela Puerca - Zafar (DVD "Festejar para sobrevivir, 20 Años")
2026-08-01 13:26:02 | DEBUG    | download_manager_service.get_video_info | Metadatos obtenidos exitosamente para: Ciro y Los Persas | VAS A BAILAR (Video Oficial)
2026-08-01 13:26:06 | INFO     | download_manager_service._download_with_retry | Descarga completada exitosamente: Los Caballeros de la Quema - Avanti Morocha.mp3
2026-08-01 13:26:06 | INFO     | download_manager_service._download_with_retry | Iniciando descarga (Audio (MP3), 320) - Intento 1/3: https://www.youtube.com/watch?v=3J8eJJ1VnHk
2026-08-01 13:26:06 | DEBUG    | download_manager_service.get_video_info | Obteniendo metadatos para: https://www.youtube.com/watch?v=3J8eJJ1VnHk
2026-08-01 13:26:07 | DEBUG    | download_manager_service.get_video_info | Metadatos obtenidos exitosamente para: La Beriso - Ella (Official Video)
2026-08-01 13:26:09 | INFO     | download_manager_service._download_with_retry | Descarga completada exitosamente: Ciro y Los Persas VAS A BAILAR (Video Oficial).mp3
2026-08-01 13:26:09 | INFO     | download_manager_service._download_with_retry | Iniciando descarga (Audio (MP3), 320) - Intento 1/3: https://www.youtube.com/watch?v=f2YwQ9AGFd8
2026-08-01 13:26:09 | DEBUG    | download_manager_service.get_video_info | Obteniendo metadatos para: https://www.youtube.com/watch?v=f2YwQ9AGFd8
2026-08-01 13:26:10 | DEBUG    | download_manager_service.get_video_info | Metadatos obtenidos exitosamente para: Ciro y los Persas | ME GUSTA (Video Oficial)
2026-08-01 13:26:11 | INFO     | download_manager_service._download_with_retry | Descarga completada exitosamente: La Vela Puerca - Zafar (DVD Festejar para sobrevivir, 20 Años).mp3
2026-08-01 13:26:11 | INFO     | download_manager_service._download_with_retry | Iniciando descarga (Audio (MP3), 320) - Intento 1/3: https://www.youtube.com/watch?v=kdfkr1WEzIc
2026-08-01 13:26:11 | DEBUG    | download_manager_service.get_video_info | Obteniendo metadatos para: https://www.youtube.com/watch?v=kdfkr1WEzIc
2026-08-01 13:26:12 | DEBUG    | download_manager_service.get_video_info | Metadatos obtenidos exitosamente para: Por Mil Noches - AIRBAG -  Video oficial
2026-08-01 13:26:12 | INFO     | download_manager_service._download_with_retry | Descarga completada exitosamente: Los Autenticos decadentes - El pájaro vió el cielo y se volo Loco tu forma de ser (SOMOS).mp3
2026-08-01 13:26:12 | INFO     | download_manager_service._download_with_retry | Iniciando descarga (Audio (MP3), 320) - Intento 1/3: https://www.youtube.com/watch?v=FAHYQqqnHv8
2026-08-01 13:26:12 | DEBUG    | download_manager_service.get_video_info | Obteniendo metadatos para: https://www.youtube.com/watch?v=FAHYQqqnHv8
2026-08-01 13:26:13 | DEBUG    | download_manager_service.get_video_info | Metadatos obtenidos exitosamente para: Coti - Días
2026-08-01 13:26:16 | INFO     | download_manager_service._download_with_retry | Descarga completada exitosamente: La Beriso - Ella (Official Video).mp3
2026-08-01 13:26:16 | INFO     | download_manager_service._download_with_retry | Iniciando descarga (Audio (MP3), 320) - Intento 1/3: https://www.youtube.com/watch?v=VoGwvVoaoCw
2026-08-01 13:26:16 | DEBUG    | download_manager_service.get_video_info | Obteniendo metadatos para: https://www.youtube.com/watch?v=VoGwvVoaoCw
2026-08-01 13:26:16 | INFO     | download_manager_service._download_with_retry | Descarga completada exitosamente: Ciro y los Persas ME GUSTA (Video Oficial).mp3
2026-08-01 13:26:16 | INFO     | download_manager_service._download_with_retry | Iniciando descarga (Audio (MP3), 320) - Intento 1/3: https://www.youtube.com/watch?v=--kCD9UyhuE
2026-08-01 13:26:16 | DEBUG    | download_manager_service.get_video_info | Obteniendo metadatos para: https://www.youtube.com/watch?v=--kCD9UyhuE
2026-08-01 13:26:17 | DEBUG    | download_manager_service.get_video_info | Metadatos obtenidos exitosamente para: Soda Stereo - En La Ciudad De La Furia (Gira Me Verás Volver)
2026-08-01 13:26:18 | DEBUG    | download_manager_service.get_video_info | Metadatos obtenidos exitosamente para: AIRBAG - Por mil noches - Vivo en Velez (Live at Velez Stadium)
2026-08-01 13:26:21 | INFO     | download_manager_service._download_with_retry | Descarga completada exitosamente: Por Mil Noches - AIRBAG - Video oficial.mp3
2026-08-01 13:26:21 | INFO     | download_manager_service._download_with_retry | Iniciando descarga (Audio (MP3), 320) - Intento 1/3: https://www.youtube.com/watch?v=hV1Mswnw1Qo
2026-08-01 13:26:21 | DEBUG    | download_manager_service.get_video_info | Obteniendo metadatos para: https://www.youtube.com/watch?v=hV1Mswnw1Qo
2026-08-01 13:26:22 | DEBUG    | download_manager_service.get_video_info | Metadatos obtenidos exitosamente para: La Beriso - Perdoname (En Vivo en el Luna Park)
2026-08-01 13:26:29 | INFO     | download_manager_service._download_with_retry | Descarga completada exitosamente: Soda Stereo - En La Ciudad De La Furia (Gira Me Verás Volver).mp3
2026-08-01 13:26:29 | INFO     | download_manager_service._download_with_retry | Iniciando descarga (Audio (MP3), 320) - Intento 1/3: https://www.youtube.com/watch?v=QVmXj0nfpr4
2026-08-01 13:26:29 | DEBUG    | download_manager_service.get_video_info | Obteniendo metadatos para: https://www.youtube.com/watch?v=QVmXj0nfpr4
2026-08-01 13:26:31 | DEBUG    | download_manager_service.get_video_info | Metadatos obtenidos exitosamente para: AHYRE - LA NOCHE SIN TÍ (VIVO)
2026-08-01 13:26:31 | INFO     | download_manager_service._download_with_retry | Descarga completada exitosamente: La Beriso - Traicionero (En Vivo en el Estadio Único).mp3
2026-08-01 13:26:31 | INFO     | download_manager_service._download_with_retry | Iniciando descarga (Audio (MP3), 320) - Intento 1/3: https://www.youtube.com/watch?v=-VCgM0peC8E
2026-08-01 13:26:31 | DEBUG    | download_manager_service.get_video_info | Obteniendo metadatos para: https://www.youtube.com/watch?v=-VCgM0peC8E
2026-08-01 13:26:32 | INFO     | download_manager_service._download_with_retry | Descarga completada exitosamente: La Beriso - Perdoname (En Vivo en el Luna Park).mp3
2026-08-01 13:26:32 | INFO     | download_manager_service._download_with_retry | Iniciando descarga (Audio (MP3), 320) - Intento 1/3: https://www.youtube.com/watch?v=za8EU42wA2o
2026-08-01 13:26:32 | DEBUG    | download_manager_service.get_video_info | Obteniendo metadatos para: https://www.youtube.com/watch?v=za8EU42wA2o
2026-08-01 13:26:32 | INFO     | download_manager_service._download_with_retry | Descarga completada exitosamente: AIRBAG - Por mil noches - Vivo en Velez (Live at Velez Stadium).mp3
2026-08-01 13:26:32 | INFO     | download_manager_service._download_with_retry | Iniciando descarga (Audio (MP3), 320) - Intento 1/3: https://www.youtube.com/watch?v=H5CJpZGlmFU
2026-08-01 13:26:32 | DEBUG    | download_manager_service.get_video_info | Obteniendo metadatos para: https://www.youtube.com/watch?v=H5CJpZGlmFU
2026-08-01 13:26:33 | DEBUG    | download_manager_service.get_video_info | Metadatos obtenidos exitosamente para: Coti - Luz De Día (Live Gran Rex 2015)
2026-08-01 13:26:33 | DEBUG    | download_manager_service.get_video_info | Metadatos obtenidos exitosamente para: Los Tipitos & No Te Va Gustar - Campanas en la noche (video oficial)
2026-08-01 13:26:34 | DEBUG    | download_manager_service.get_video_info | Metadatos obtenidos exitosamente para: La Vela Puerca | Va A Escampar | A Contraluz
2026-08-01 13:26:40 | INFO     | download_manager_service._download_with_retry | Descarga completada exitosamente: Coti - Luz De Día (Live Gran Rex 2015).mp3
2026-08-01 13:26:40 | INFO     | download_manager_service._download_with_retry | Iniciando descarga (Audio (MP3), 320) - Intento 1/3: https://www.youtube.com/watch?v=MWwaih5U710
2026-08-01 13:26:40 | DEBUG    | download_manager_service.get_video_info | Obteniendo metadatos para: https://www.youtube.com/watch?v=MWwaih5U710
2026-08-01 13:26:42 | DEBUG    | download_manager_service.get_video_info | Metadatos obtenidos exitosamente para: Callejeros - Rocanroles sin Destino (En Vivo Obras)
2026-08-01 13:26:42 | INFO     | download_manager_service._download_with_retry | Descarga completada exitosamente: Los Tipitos & No Te Va Gustar - Campanas en la noche (video oficial).mp3
2026-08-01 13:26:42 | INFO     | download_manager_service._download_with_retry | Iniciando descarga (Audio (MP3), 320) - Intento 1/3: https://www.youtube.com/watch?v=p4A7iNgk2ok
2026-08-01 13:26:42 | DEBUG    | download_manager_service.get_video_info | Obteniendo metadatos para: https://www.youtube.com/watch?v=p4A7iNgk2ok
2026-08-01 13:26:43 | INFO     | download_manager_service._download_with_retry | Descarga completada exitosamente: La Vela Puerca Va A Escampar A Contraluz.mp3
2026-08-01 13:26:43 | INFO     | download_manager_service._download_with_retry | Iniciando descarga (Audio (MP3), 320) - Intento 1/3: https://www.youtube.com/watch?v=W55nd3X12es
2026-08-01 13:26:43 | DEBUG    | download_manager_service.get_video_info | Obteniendo metadatos para: https://www.youtube.com/watch?v=W55nd3X12es
2026-08-01 13:26:43 | DEBUG    | download_manager_service.get_video_info | Metadatos obtenidos exitosamente para: Andrés Calamaro - Vasos vacíos. Made in Argentina. Directo 2005
2026-08-01 13:26:44 | INFO     | download_manager_service._download_with_retry | Descarga completada exitosamente: AHYRE - LA NOCHE SIN TÍ (VIVO).mp3
2026-08-01 13:26:44 | DEBUG    | download_manager_service.get_video_info | Metadatos obtenidos exitosamente para: Los Auténticos decadentes - Loco tu forma de ser (DVD vivo "Hecho en México" HD
2026-08-01 13:26:44 | INFO     | download_manager_service._download_with_retry | Iniciando descarga (Audio (MP3), 320) - Intento 1/3: https://www.youtube.com/watch?v=ETJcV3rPO_U
2026-08-01 13:26:44 | DEBUG    | download_manager_service.get_video_info | Obteniendo metadatos para: https://www.youtube.com/watch?v=ETJcV3rPO_U
2026-08-01 13:26:46 | DEBUG    | download_manager_service.get_video_info | Metadatos obtenidos exitosamente para: Miranda! - Tu misterioso alguien (Video oficial)
2026-08-01 13:26:50 | INFO     | download_manager_service._download_with_retry | Descarga completada exitosamente: Callejeros - Rocanroles sin Destino (En Vivo Obras).mp3
2026-08-01 13:26:50 | INFO     | download_manager_service._download_with_retry | Iniciando descarga (Audio (MP3), 320) - Intento 1/3: https://www.youtube.com/watch?v=TJkmo1PzfJg
2026-08-01 13:26:50 | DEBUG    | download_manager_service.get_video_info | Obteniendo metadatos para: https://www.youtube.com/watch?v=TJkmo1PzfJg
2026-08-01 13:26:51 | DEBUG    | download_manager_service.get_video_info | Metadatos obtenidos exitosamente para: Turf - Pasos al costado (video oficial) HD
2026-08-01 13:26:51 | INFO     | download_manager_service._download_with_retry | Descarga completada exitosamente: Los Auténticos decadentes - Loco tu forma de ser (DVD vivo Hecho en México HD.mp3
2026-08-01 13:26:51 | INFO     | download_manager_service._download_with_retry | Iniciando descarga (Audio (MP3), 320) - Intento 1/3: https://www.youtube.com/watch?v=GBsRPUxMkkw
2026-08-01 13:26:51 | DEBUG    | download_manager_service.get_video_info | Obteniendo metadatos para: https://www.youtube.com/watch?v=GBsRPUxMkkw
2026-08-01 13:26:52 | DEBUG    | download_manager_service.get_video_info | Metadatos obtenidos exitosamente para: No Te Va Gustar - Tan Lejos (Video Oficial)
2026-08-01 13:26:53 | INFO     | download_manager_service._download_with_retry | Descarga completada exitosamente: Andrés Calamaro - Vasos vacíos. Made in Argentina. Directo 2005.mp3
2026-08-01 13:26:53 | INFO     | download_manager_service._download_with_retry | Iniciando descarga (Audio (MP3), 320) - Intento 1/3: https://www.youtube.com/watch?v=QRDdx2wq_-g
2026-08-01 13:26:53 | DEBUG    | download_manager_service.get_video_info | Obteniendo metadatos para: https://www.youtube.com/watch?v=QRDdx2wq_-g
2026-08-01 13:26:54 | INFO     | download_manager_service._download_with_retry | Descarga completada exitosamente: Miranda! - Tu misterioso alguien (Video oficial).mp3
2026-08-01 13:26:54 | INFO     | download_manager_service._download_with_retry | Iniciando descarga (Audio (MP3), 320) - Intento 1/3: https://www.youtube.com/watch?v=CciXZiGZ_lI
2026-08-01 13:26:54 | DEBUG    | download_manager_service.get_video_info | Obteniendo metadatos para: https://www.youtube.com/watch?v=CciXZiGZ_lI
2026-08-01 13:26:54 | DEBUG    | download_manager_service.get_video_info | Metadatos obtenidos exitosamente para: Los Tipitos - Silencio (video oficial) [HD]
2026-08-01 13:26:55 | DEBUG    | download_manager_service.get_video_info | Metadatos obtenidos exitosamente para: La Beriso con Víctor Heredia - Sobreviviendo
2026-08-01 13:26:59 | INFO     | download_manager_service._download_with_retry | Descarga completada exitosamente: Turf - Pasos al costado (video oficial) HD.mp3
2026-08-01 13:26:59 | INFO     | download_manager_service._download_with_retry | Iniciando descarga (Audio (MP3), 320) - Intento 1/3: https://www.youtube.com/watch?v=yKOVZVKcWgU
2026-08-01 13:26:59 | DEBUG    | download_manager_service.get_video_info | Obteniendo metadatos para: https://www.youtube.com/watch?v=yKOVZVKcWgU
2026-08-01 13:27:00 | INFO     | download_manager_service._download_with_retry | Descarga completada exitosamente: Coti - Días.mp3
2026-08-01 13:27:00 | INFO     | download_manager_service._download_with_retry | Iniciando descarga (Audio (MP3), 320) - Intento 1/3: https://www.youtube.com/watch?v=V7q1jN7k5lg
2026-08-01 13:27:00 | DEBUG    | download_manager_service.get_video_info | Obteniendo metadatos para: https://www.youtube.com/watch?v=V7q1jN7k5lg
2026-08-01 13:27:01 | DEBUG    | download_manager_service.get_video_info | Metadatos obtenidos exitosamente para: Pensamientos
2026-08-01 13:27:02 | DEBUG    | download_manager_service.get_video_info | Metadatos obtenidos exitosamente para: Rata Blanca - Mujer Amante
2026-08-01 13:27:03 | INFO     | download_manager_service._download_with_retry | Descarga completada exitosamente: No Te Va Gustar - Tan Lejos (Video Oficial).mp3
2026-08-01 13:27:03 | INFO     | download_manager_service._download_with_retry | Iniciando descarga (Audio (MP3), 320) - Intento 1/3: https://www.youtube.com/watch?v=y7kudMJiscw
2026-08-01 13:27:03 | DEBUG    | download_manager_service.get_video_info | Obteniendo metadatos para: https://www.youtube.com/watch?v=y7kudMJiscw
2026-08-01 13:27:04 | INFO     | download_manager_service._download_with_retry | Descarga completada exitosamente: Los Tipitos - Silencio (video oficial) [HD].mp3
2026-08-01 13:27:04 | INFO     | download_manager_service._download_with_retry | Iniciando descarga (Audio (MP3), 320) - Intento 1/3: https://www.youtube.com/watch?v=AqKdHcQNWnM
2026-08-01 13:27:04 | DEBUG    | download_manager_service.get_video_info | Obteniendo metadatos para: https://www.youtube.com/watch?v=AqKdHcQNWnM
2026-08-01 13:27:05 | DEBUG    | download_manager_service.get_video_info | Metadatos obtenidos exitosamente para: Callejeros - Una Nueva Noche Fría (Vivo)
2026-08-01 13:27:05 | DEBUG    | download_manager_service.get_video_info | Metadatos obtenidos exitosamente para: Callejeros - Prohibido (Lyric)
2026-08-01 13:27:07 | INFO     | download_manager_service._download_with_retry | Descarga completada exitosamente: La Beriso con Víctor Heredia - Sobreviviendo.mp3
2026-08-01 13:27:07 | INFO     | download_manager_service._download_with_retry | Iniciando descarga (Audio (MP3), 320) - Intento 1/3: https://www.youtube.com/watch?v=yQcaUpZZ-18
2026-08-01 13:27:07 | DEBUG    | download_manager_service.get_video_info | Obteniendo metadatos para: https://www.youtube.com/watch?v=yQcaUpZZ-18
2026-08-01 13:27:08 | DEBUG    | download_manager_service.get_video_info | Metadatos obtenidos exitosamente para: Ciro y Los Persas | ASTROS  (Registro Oficial de la Grabación)
2026-08-01 13:27:09 | INFO     | download_manager_service._download_with_retry | Descarga completada exitosamente: Pensamientos.mp3
2026-08-01 13:27:09 | INFO     | download_manager_service._download_with_retry | Iniciando descarga (Audio (MP3), 320) - Intento 1/3: https://www.youtube.com/watch?v=lraUN_y93uw
2026-08-01 13:27:09 | DEBUG    | download_manager_service.get_video_info | Obteniendo metadatos para: https://www.youtube.com/watch?v=lraUN_y93uw
2026-08-01 13:27:10 | DEBUG    | download_manager_service.get_video_info | Metadatos obtenidos exitosamente para: Guasones - Reyes de la noche (AUDIO)
2026-08-01 13:27:13 | INFO     | download_manager_service._download_with_retry | Descarga completada exitosamente: Rata Blanca - Mujer Amante.mp3
2026-08-01 13:27:13 | INFO     | download_manager_service._download_with_retry | Iniciando descarga (Audio (MP3), 320) - Intento 1/3: https://www.youtube.com/watch?v=6NmR9mBs9RE
2026-08-01 13:27:13 | DEBUG    | download_manager_service.get_video_info | Obteniendo metadatos para: https://www.youtube.com/watch?v=6NmR9mBs9RE
2026-08-01 13:27:14 | INFO     | download_manager_service._download_with_retry | Descarga completada exitosamente: Callejeros - Una Nueva Noche Fría (Vivo).mp3
2026-08-01 13:27:14 | INFO     | download_manager_service._download_with_retry | Iniciando descarga (Audio (MP3), 320) - Intento 1/3: https://www.youtube.com/watch?v=RqbO0_qqSl0
2026-08-01 13:27:14 | DEBUG    | download_manager_service.get_video_info | Obteniendo metadatos para: https://www.youtube.com/watch?v=RqbO0_qqSl0
2026-08-01 13:27:14 | INFO     | download_manager_service._download_with_retry | Descarga completada exitosamente: Callejeros - Prohibido (Lyric).mp3
2026-08-01 13:27:14 | INFO     | download_manager_service._download_with_retry | Iniciando descarga (Audio (MP3), 320) - Intento 1/3: https://www.youtube.com/watch?v=2Cql8mG4kWM
2026-08-01 13:27:14 | DEBUG    | download_manager_service.get_video_info | Obteniendo metadatos para: https://www.youtube.com/watch?v=2Cql8mG4kWM
2026-08-01 13:27:14 | DEBUG    | download_manager_service.get_video_info | Metadatos obtenidos exitosamente para: Andrés Calamaro - La parte de adelante. Made in Argentina. Directo 2005
2026-08-01 13:27:15 | DEBUG    | download_manager_service.get_video_info | Metadatos obtenidos exitosamente para: Los Caballeros de la Quema - Sapo de Otro Pozo (En Vivo Provincia Emergente)
2026-08-01 13:27:15 | DEBUG    | download_manager_service.get_video_info | Metadatos obtenidos exitosamente para: Attaque 77 - Arrancacorazones (Letra)
2026-08-01 13:27:17 | INFO     | download_manager_service._download_with_retry | Descarga completada exitosamente: Ciro y Los Persas ASTROS (Registro Oficial de la Grabación).mp3
2026-08-01 13:27:17 | INFO     | download_manager_service._download_with_retry | Iniciando descarga (Audio (MP3), 320) - Intento 1/3: https://www.youtube.com/watch?v=bn6bF4j_3lc
2026-08-01 13:27:17 | DEBUG    | download_manager_service.get_video_info | Obteniendo metadatos para: https://www.youtube.com/watch?v=bn6bF4j_3lc
2026-08-01 13:27:18 | DEBUG    | download_manager_service.get_video_info | Metadatos obtenidos exitosamente para: No Te Va Gustar - Al vacío
2026-08-01 13:27:18 | INFO     | download_manager_service._download_with_retry | Descarga completada exitosamente: Guasones - Reyes de la noche (AUDIO).mp3
2026-08-01 13:27:18 | INFO     | download_manager_service._download_with_retry | Iniciando descarga (Audio (MP3), 320) - Intento 1/3: https://www.youtube.com/watch?v=TbPJMBZykoY
2026-08-01 13:27:18 | DEBUG    | download_manager_service.get_video_info | Obteniendo metadatos para: https://www.youtube.com/watch?v=TbPJMBZykoY
2026-08-01 13:27:20 | DEBUG    | download_manager_service.get_video_info | Metadatos obtenidos exitosamente para: NO TE VA GUSTAR - Ese Maldito Momento (Videoclip Oficial)
2026-08-01 13:27:23 | INFO     | download_manager_service._download_with_retry | Descarga completada exitosamente: Andrés Calamaro - La parte de adelante. Made in Argentina. Directo 2005.mp3
2026-08-01 13:27:23 | INFO     | download_manager_service._download_with_retry | Iniciando descarga (Audio (MP3), 320) - Intento 1/3: https://www.youtube.com/watch?v=vAdm8Bct9XM
2026-08-01 13:27:23 | DEBUG    | download_manager_service.get_video_info | Obteniendo metadatos para: https://www.youtube.com/watch?v=vAdm8Bct9XM
2026-08-01 13:27:24 | INFO     | download_manager_service._download_with_retry | Descarga completada exitosamente: Los Caballeros de la Quema - Sapo de Otro Pozo (En Vivo Provincia Emergente).mp3
2026-08-01 13:27:24 | INFO     | download_manager_service._download_with_retry | Iniciando descarga (Audio (MP3), 320) - Intento 1/3: https://www.youtube.com/watch?v=_8LHnLFwrtA
2026-08-01 13:27:24 | DEBUG    | download_manager_service.get_video_info | Obteniendo metadatos para: https://www.youtube.com/watch?v=_8LHnLFwrtA
2026-08-01 13:27:25 | DEBUG    | download_manager_service.get_video_info | Metadatos obtenidos exitosamente para: No Me Olvides
2026-08-01 13:27:25 | INFO     | download_manager_service._download_with_retry | Descarga completada exitosamente: Attaque 77 - Arrancacorazones (Letra).mp3
2026-08-01 13:27:25 | INFO     | download_manager_service._download_with_retry | Iniciando descarga (Audio (MP3), 320) - Intento 1/3: https://www.youtube.com/watch?v=t3_v81Vsri8
2026-08-01 13:27:25 | DEBUG    | download_manager_service.get_video_info | Obteniendo metadatos para: https://www.youtube.com/watch?v=t3_v81Vsri8
2026-08-01 13:27:26 | DEBUG    | download_manager_service.get_video_info | Metadatos obtenidos exitosamente para: TAN BIONICA - La Melodia de Dios (Official Lyric Video)
2026-08-01 13:27:26 | INFO     | download_manager_service._download_with_retry | Descarga completada exitosamente: NO TE VA GUSTAR - Ese Maldito Momento (Videoclip Oficial).mp3
2026-08-01 13:27:26 | INFO     | download_manager_service._download_with_retry | Iniciando descarga (Audio (MP3), 320) - Intento 1/3: https://www.youtube.com/watch?v=BQAKKp6ziD0
2026-08-01 13:27:26 | DEBUG    | download_manager_service.get_video_info | Obteniendo metadatos para: https://www.youtube.com/watch?v=BQAKKp6ziD0
2026-08-01 13:27:26 | DEBUG    | download_manager_service.get_video_info | Metadatos obtenidos exitosamente para: Campanas en la Noche
2026-08-01 13:27:27 | INFO     | download_manager_service._download_with_retry | Descarga completada exitosamente: No Te Va Gustar - Al vacío.mp3
2026-08-01 13:27:27 | INFO     | download_manager_service._download_with_retry | Iniciando descarga (Audio (MP3), 320) - Intento 1/3: https://www.youtube.com/watch?v=wwHI2IdyS-4
2026-08-01 13:27:27 | DEBUG    | download_manager_service.get_video_info | Obteniendo metadatos para: https://www.youtube.com/watch?v=wwHI2IdyS-4
2026-08-01 13:27:27 | DEBUG    | download_manager_service.get_video_info | Metadatos obtenidos exitosamente para: Enanitos Verdes - Tu Carcel (En Vivo Desde Mexico 2004)
2026-08-01 13:27:28 | DEBUG    | download_manager_service.get_video_info | Metadatos obtenidos exitosamente para: La Beriso - Flores (En Vivo en el Luna Park)
2026-08-01 13:27:29 | WARNING  | download_manager_service._download_with_retry | Intento 1 fallido para https://www.youtube.com/watch?v=wwHI2IdyS-4. Error: [0;31mERROR:[0m unable to download video data: HTTP Error 403: Forbidden
2026-08-01 13:27:29 | INFO     | download_manager_service._download_with_retry | Degradando calidad a 320 para el siguiente intento.
2026-08-01 13:27:31 | INFO     | download_manager_service._download_with_retry | Iniciando descarga (Audio (MP3), 320) - Intento 2/3: https://www.youtube.com/watch?v=wwHI2IdyS-4
2026-08-01 13:27:31 | DEBUG    | download_manager_service.get_video_info | Obteniendo metadatos para: https://www.youtube.com/watch?v=wwHI2IdyS-4
2026-08-01 13:27:33 | DEBUG    | download_manager_service.get_video_info | Metadatos obtenidos exitosamente para: La Beriso - Flores (En Vivo en el Luna Park)
2026-08-01 13:27:33 | INFO     | download_manager_service._download_with_retry | Descarga completada exitosamente: No Me Olvides.mp3
2026-08-01 13:27:33 | INFO     | download_manager_service._download_with_retry | Iniciando descarga (Audio (MP3), 320) - Intento 1/3: https://www.youtube.com/watch?v=x8FbyTJ6tgo
2026-08-01 13:27:33 | DEBUG    | download_manager_service.get_video_info | Obteniendo metadatos para: https://www.youtube.com/watch?v=x8FbyTJ6tgo
2026-08-01 13:27:34 | INFO     | download_manager_service._download_with_retry | Descarga completada exitosamente: TAN BIONICA - La Melodia de Dios (Official Lyric Video).mp3
2026-08-01 13:27:34 | INFO     | download_manager_service._download_with_retry | Iniciando descarga (Audio (MP3), 320) - Intento 1/3: https://www.youtube.com/watch?v=M05xCP34uUw
2026-08-01 13:27:34 | DEBUG    | download_manager_service.get_video_info | Obteniendo metadatos para: https://www.youtube.com/watch?v=M05xCP34uUw
2026-08-01 13:27:34 | INFO     | download_manager_service._download_with_retry | Descarga completada exitosamente: Campanas en la Noche.mp3
2026-08-01 13:27:34 | INFO     | download_manager_service._download_with_retry | Iniciando descarga (Audio (MP3), 320) - Intento 1/3: https://www.youtube.com/watch?v=csx53ZqoQqI
2026-08-01 13:27:34 | DEBUG    | download_manager_service.get_video_info | Obteniendo metadatos para: https://www.youtube.com/watch?v=csx53ZqoQqI
2026-08-01 13:27:35 | DEBUG    | download_manager_service.get_video_info | Metadatos obtenidos exitosamente para: La Beriso - Canción para Mamá y Papá (En Vivo en el Luna Park)
2026-08-01 13:27:35 | INFO     | download_manager_service._download_with_retry | Descarga completada exitosamente: Enanitos Verdes - Tu Carcel (En Vivo Desde Mexico 2004).mp3
2026-08-01 13:27:35 | INFO     | download_manager_service._download_with_retry | Iniciando descarga (Audio (MP3), 320) - Intento 1/3: https://www.youtube.com/watch?v=U-EWnvd603g
2026-08-01 13:27:35 | DEBUG    | download_manager_service.get_video_info | Obteniendo metadatos para: https://www.youtube.com/watch?v=U-EWnvd603g
2026-08-01 13:27:35 | DEBUG    | download_manager_service.get_video_info | Metadatos obtenidos exitosamente para: Las Pastillas Del Abuelo - Rompecabezas De Amor...
2026-08-01 13:27:35 | DEBUG    | download_manager_service.get_video_info | Metadatos obtenidos exitosamente para: Dread Mar I - Así Fue (En Vivo)
2026-08-01 13:27:37 | DEBUG    | download_manager_service.get_video_info | Metadatos obtenidos exitosamente para: No Te Va Gustar - Tan Lejos (En Vivo En Argentina)
2026-08-01 13:27:44 | INFO     | download_manager_service._download_with_retry | Descarga completada exitosamente: La Beriso - Canción para Mamá y Papá (En Vivo en el Luna Park).mp3
2026-08-01 13:27:44 | INFO     | download_manager_service._download_with_retry | Iniciando descarga (Audio (MP3), 320) - Intento 1/3: https://www.youtube.com/watch?v=SRAP2zxS4Zo
2026-08-01 13:27:44 | DEBUG    | download_manager_service.get_video_info | Obteniendo metadatos para: https://www.youtube.com/watch?v=SRAP2zxS4Zo
2026-08-01 13:27:45 | INFO     | download_manager_service._download_with_retry | Descarga completada exitosamente: No Te Va Gustar - Tan Lejos (En Vivo En Argentina).mp3
2026-08-01 13:27:45 | INFO     | download_manager_service._download_with_retry | Iniciando descarga (Audio (MP3), 320) - Intento 1/3: https://www.youtube.com/watch?v=34Ew-QS8_I4
2026-08-01 13:27:45 | DEBUG    | download_manager_service.get_video_info | Obteniendo metadatos para: https://www.youtube.com/watch?v=34Ew-QS8_I4
2026-08-01 13:27:45 | DEBUG    | download_manager_service.get_video_info | Metadatos obtenidos exitosamente para: La Beriso - Ingrata (Official Video) ft. Los Enanitos Verdes
2026-08-01 13:27:46 | INFO     | download_manager_service._download_with_retry | Descarga completada exitosamente: Las Pastillas Del Abuelo - Rompecabezas De Amor....mp3
2026-08-01 13:27:46 | INFO     | download_manager_service._download_with_retry | Iniciando descarga (Audio (MP3), 320) - Intento 1/3: https://www.youtube.com/watch?v=-72BiJv09Is
2026-08-01 13:27:46 | DEBUG    | download_manager_service.get_video_info | Obteniendo metadatos para: https://www.youtube.com/watch?v=-72BiJv09Is
2026-08-01 13:27:47 | DEBUG    | download_manager_service.get_video_info | Metadatos obtenidos exitosamente para: La Beriso - Corazón Duro ft. Bronco
2026-08-01 13:27:47 | DEBUG    | download_manager_service.get_video_info | Metadatos obtenidos exitosamente para: Guasones - Tan distintos Ft. M-Clan (video oficial)
2026-08-01 13:27:50 | INFO     | download_manager_service._download_with_retry | Descarga completada exitosamente: Dread Mar I - Así Fue (En Vivo).mp3
2026-08-01 13:27:50 | INFO     | download_manager_service._download_with_retry | Iniciando descarga (Audio (MP3), 320) - Intento 1/3: https://www.youtube.com/watch?v=dOzjAHTzXl0
2026-08-01 13:27:50 | DEBUG    | download_manager_service.get_video_info | Obteniendo metadatos para: https://www.youtube.com/watch?v=dOzjAHTzXl0
2026-08-01 13:27:51 | DEBUG    | download_manager_service.get_video_info | Metadatos obtenidos exitosamente para: Intoxicados - Fuego (Pepsi Music 2005)
2026-08-01 13:27:54 | INFO     | download_manager_service._download_with_retry | Descarga completada exitosamente: Guasones - Tan distintos Ft. M-Clan (video oficial).mp3
2026-08-01 13:27:54 | INFO     | download_manager_service._download_with_retry | Iniciando descarga (Audio (MP3), 320) - Intento 1/3: https://www.youtube.com/watch?v=zfAEkjNtPho
2026-08-01 13:27:54 | DEBUG    | download_manager_service.get_video_info | Obteniendo metadatos para: https://www.youtube.com/watch?v=zfAEkjNtPho
2026-08-01 13:27:55 | INFO     | download_manager_service._download_with_retry | Descarga completada exitosamente: La Beriso - Ingrata (Official Video) ft. Los Enanitos Verdes.mp3
2026-08-01 13:27:55 | INFO     | download_manager_service._download_with_retry | Iniciando descarga (Audio (MP3), 320) - Intento 1/3: https://www.youtube.com/watch?v=_SKaPv4DVgE
2026-08-01 13:27:55 | DEBUG    | download_manager_service.get_video_info | Obteniendo metadatos para: https://www.youtube.com/watch?v=_SKaPv4DVgE
2026-08-01 13:27:56 | DEBUG    | download_manager_service.get_video_info | Metadatos obtenidos exitosamente para: Andrés Calamaro - Flaca. Made in Argentina. Directo 2005
2026-08-01 13:27:57 | DEBUG    | download_manager_service.get_video_info | Metadatos obtenidos exitosamente para: Turf - Magia blanca (video oficial) HD
2026-08-01 13:27:59 | INFO     | download_manager_service._download_with_retry | Descarga completada exitosamente: Intoxicados - Fuego (Pepsi Music 2005).mp3
2026-08-01 13:27:59 | INFO     | download_manager_service._download_with_retry | Iniciando descarga (Audio (MP3), 320) - Intento 1/3: https://www.youtube.com/watch?v=7K8q9Xh_aJw
2026-08-01 13:27:59 | DEBUG    | download_manager_service.get_video_info | Obteniendo metadatos para: https://www.youtube.com/watch?v=7K8q9Xh_aJw
2026-08-01 13:28:01 | DEBUG    | download_manager_service.get_video_info | Metadatos obtenidos exitosamente para: Estelares - Ella dijo (video oficial) [HD]
2026-08-01 13:28:03 | INFO     | download_manager_service._download_with_retry | Descarga completada exitosamente: Andrés Calamaro - Flaca. Made in Argentina. Directo 2005.mp3
2026-08-01 13:28:03 | INFO     | download_manager_service._download_with_retry | Iniciando descarga (Audio (MP3), 320) - Intento 1/3: https://www.youtube.com/watch?v=sKyFgRC4yFs
2026-08-01 13:28:03 | DEBUG    | download_manager_service.get_video_info | Obteniendo metadatos para: https://www.youtube.com/watch?v=sKyFgRC4yFs
2026-08-01 13:28:04 | INFO     | download_manager_service._download_with_retry | Descarga completada exitosamente: Turf - Magia blanca (video oficial) HD.mp3
2026-08-01 13:28:04 | INFO     | download_manager_service._download_with_retry | Iniciando descarga (Audio (MP3), 320) - Intento 1/3: https://www.youtube.com/watch?v=ezlpwCLgiE8
2026-08-01 13:28:04 | DEBUG    | download_manager_service.get_video_info | Metadatos obtenidos exitosamente para: No Te Va Gustar - Llueve Tranquilo (En Vivo en El Estadio Único de La Plata)
2026-08-01 13:28:04 | DEBUG    | download_manager_service.get_video_info | Obteniendo metadatos para: https://www.youtube.com/watch?v=ezlpwCLgiE8
2026-08-01 13:28:06 | DEBUG    | download_manager_service.get_video_info | Metadatos obtenidos exitosamente para: Callejeros - Creo (Letra)
2026-08-01 13:28:09 | INFO     | download_manager_service._download_with_retry | Descarga completada exitosamente: Estelares - Ella dijo (video oficial) [HD].mp3
2026-08-01 13:28:09 | INFO     | download_manager_service._download_with_retry | Iniciando descarga (Audio (MP3), 320) - Intento 1/3: https://www.youtube.com/watch?v=ue0RP3C1Brg
2026-08-01 13:28:09 | DEBUG    | download_manager_service.get_video_info | Obteniendo metadatos para: https://www.youtube.com/watch?v=ue0RP3C1Brg
2026-08-01 13:28:11 | DEBUG    | download_manager_service.get_video_info | Metadatos obtenidos exitosamente para: AIRBAG - NUNCA LO OLVIDES
2026-08-01 13:28:13 | INFO     | download_manager_service._download_with_retry | Descarga completada exitosamente: No Te Va Gustar - Llueve Tranquilo (En Vivo en El Estadio Único de La Plata).mp3
2026-08-01 13:28:13 | INFO     | download_manager_service._download_with_retry | Iniciando descarga (Audio (MP3), 320) - Intento 1/3: https://www.youtube.com/watch?v=5zw2GXEwwJk
2026-08-01 13:28:13 | DEBUG    | download_manager_service.get_video_info | Obteniendo metadatos para: https://www.youtube.com/watch?v=5zw2GXEwwJk
2026-08-01 13:28:14 | INFO     | download_manager_service._download_with_retry | Descarga completada exitosamente: La Beriso - Flores (En Vivo en el Luna Park).mp3
2026-08-01 13:28:14 | INFO     | download_manager_service._download_with_retry | Iniciando descarga (Audio (MP3), 320) - Intento 1/3: https://www.youtube.com/watch?v=BTDuqwNO6as
2026-08-01 13:28:14 | DEBUG    | download_manager_service.get_video_info | Obteniendo metadatos para: https://www.youtube.com/watch?v=BTDuqwNO6as
2026-08-01 13:28:14 | INFO     | download_manager_service._download_with_retry | Descarga completada exitosamente: Callejeros - Creo (Letra).mp3
2026-08-01 13:28:14 | INFO     | download_manager_service._download_with_retry | Iniciando descarga (Audio (MP3), 320) - Intento 1/3: https://www.youtube.com/watch?v=8xWwgjOeKno
2026-08-01 13:28:14 | DEBUG    | download_manager_service.get_video_info | Obteniendo metadatos para: https://www.youtube.com/watch?v=8xWwgjOeKno
2026-08-01 13:28:15 | DEBUG    | download_manager_service.get_video_info | Metadatos obtenidos exitosamente para: La Beriso TV - La Beriso y Rodrigo Bueno - Cómo le digo (Video Oficial)
2026-08-01 13:28:16 | DEBUG    | download_manager_service.get_video_info | Metadatos obtenidos exitosamente para: Vicentico - Paisaje (En Vivo en Corrientes)
2026-08-01 13:28:16 | DEBUG    | download_manager_service.get_video_info | Metadatos obtenidos exitosamente para: La Beriso - Cantemos (Official Video) ft. Emiliano Brancciari
2026-08-01 13:28:20 | INFO     | download_manager_service._download_with_retry | Descarga completada exitosamente: AIRBAG - NUNCA LO OLVIDES.mp3
2026-08-01 13:28:20 | INFO     | download_manager_service._download_with_retry | Iniciando descarga (Audio (MP3), 320) - Intento 1/3: https://www.youtube.com/watch?v=I8cnKNB2WIk
2026-08-01 13:28:20 | DEBUG    | download_manager_service.get_video_info | Obteniendo metadatos para: https://www.youtube.com/watch?v=I8cnKNB2WIk
2026-08-01 13:28:22 | DEBUG    | download_manager_service.get_video_info | Metadatos obtenidos exitosamente para: La Franela - Hacer un puente (video oficial) HD
2026-08-01 13:28:25 | INFO     | download_manager_service._download_with_retry | Descarga completada exitosamente: La Beriso TV - La Beriso y Rodrigo Bueno - Cómo le digo (Video Oficial).mp3
2026-08-01 13:28:25 | INFO     | download_manager_service._download_with_retry | Iniciando descarga (Audio (MP3), 320) - Intento 1/3: https://www.youtube.com/watch?v=S0lBe9ww5eQ
2026-08-01 13:28:25 | DEBUG    | download_manager_service.get_video_info | Obteniendo metadatos para: https://www.youtube.com/watch?v=S0lBe9ww5eQ
2026-08-01 13:28:25 | INFO     | download_manager_service._download_with_retry | Descarga completada exitosamente: Vicentico - Paisaje (En Vivo en Corrientes).mp3
2026-08-01 13:28:25 | INFO     | download_manager_service._download_with_retry | Iniciando descarga (Audio (MP3), 320) - Intento 1/3: https://www.youtube.com/watch?v=7f9zUOVNqRI
2026-08-01 13:28:25 | DEBUG    | download_manager_service.get_video_info | Obteniendo metadatos para: https://www.youtube.com/watch?v=7f9zUOVNqRI
2026-08-01 13:28:26 | DEBUG    | download_manager_service.get_video_info | Metadatos obtenidos exitosamente para: No Te Va Gustar - Memorias del Olvido (En Vivo) [DVD Público]
2026-08-01 13:28:26 | INFO     | download_manager_service._download_with_retry | Descarga completada exitosamente: La Beriso - Cantemos (Official Video) ft. Emiliano Brancciari.mp3
2026-08-01 13:28:26 | DEBUG    | download_manager_service.get_video_info | Metadatos obtenidos exitosamente para: Los Auténticos Decadentes - Un osito de peluche de Taiwán (en vivo) OFICIAL
2026-08-01 13:28:26 | INFO     | download_manager_service._download_with_retry | Iniciando descarga (Audio (MP3), 320) - Intento 1/3: https://www.youtube.com/watch?v=Y045gGScfOo
2026-08-01 13:28:26 | DEBUG    | download_manager_service.get_video_info | Obteniendo metadatos para: https://www.youtube.com/watch?v=Y045gGScfOo
2026-08-01 13:28:28 | DEBUG    | download_manager_service.get_video_info | Metadatos obtenidos exitosamente para: Los Caballeros de la Quema - Otro Jueves Cobarde (En Vivo Provincia Emergente)
2026-08-01 13:28:30 | INFO     | download_manager_service._download_with_retry | Descarga completada exitosamente: La Franela - Hacer un puente (video oficial) HD.mp3
2026-08-01 13:28:30 | INFO     | download_manager_service._download_with_retry | Iniciando descarga (Audio (MP3), 320) - Intento 1/3: https://www.youtube.com/watch?v=7keC17PvzW0
2026-08-01 13:28:30 | DEBUG    | download_manager_service.get_video_info | Obteniendo metadatos para: https://www.youtube.com/watch?v=7keC17PvzW0
2026-08-01 13:28:32 | DEBUG    | download_manager_service.get_video_info | Metadatos obtenidos exitosamente para: La Vela Puerca - Para no verme mas (DVD "Festejar Para Sobrevivir, 20 años")
2026-08-01 13:28:35 | INFO     | download_manager_service._download_with_retry | Descarga completada exitosamente: La Beriso - Corazón Duro ft. Bronco.mp3
2026-08-01 13:28:35 | INFO     | download_manager_service._download_with_retry | Iniciando descarga (Audio (MP3), 320) - Intento 1/3: https://www.youtube.com/watch?v=CJkgBc2S5oY
2026-08-01 13:28:35 | DEBUG    | download_manager_service.get_video_info | Obteniendo metadatos para: https://www.youtube.com/watch?v=CJkgBc2S5oY
2026-08-01 13:28:36 | DEBUG    | download_manager_service.get_video_info | Metadatos obtenidos exitosamente para: Divididos - Que Ves?
2026-08-01 13:28:37 | INFO     | download_manager_service._download_with_retry | Descarga completada exitosamente: No Te Va Gustar - Memorias del Olvido (En Vivo) [DVD Público].mp3
2026-08-01 13:28:37 | INFO     | download_manager_service._download_with_retry | Iniciando descarga (Audio (MP3), 320) - Intento 1/3: https://www.youtube.com/watch?v=VC5NaNsR7-8
2026-08-01 13:28:37 | DEBUG    | download_manager_service.get_video_info | Obteniendo metadatos para: https://www.youtube.com/watch?v=VC5NaNsR7-8
2026-08-01 13:28:37 | INFO     | download_manager_service._download_with_retry | Descarga completada exitosamente: Los Auténticos Decadentes - Un osito de peluche de Taiwán (en vivo) OFICIAL.mp3
2026-08-01 13:28:37 | INFO     | download_manager_service._download_with_retry | Iniciando descarga (Audio (MP3), 320) - Intento 1/3: https://www.youtube.com/watch?v=CyPyRXyVIG4
2026-08-01 13:28:37 | DEBUG    | download_manager_service.get_video_info | Obteniendo metadatos para: https://www.youtube.com/watch?v=CyPyRXyVIG4
2026-08-01 13:28:38 | DEBUG    | download_manager_service.get_video_info | Metadatos obtenidos exitosamente para: La Renga - Balada Del Diablo y La Muerte (Audio)
2026-08-01 13:28:38 | DEBUG    | download_manager_service.get_video_info | Metadatos obtenidos exitosamente para: Un poco de amor francés - Estadio Único de La Plata - Indio en Concierto [2008] Full HD
2026-08-01 13:28:39 | INFO     | download_manager_service._download_with_retry | Descarga completada exitosamente: Los Caballeros de la Quema - Otro Jueves Cobarde (En Vivo Provincia Emergente).mp3
2026-08-01 13:28:39 | INFO     | download_manager_service._download_with_retry | Iniciando descarga (Audio (MP3), 320) - Intento 1/3: https://www.youtube.com/watch?v=bUvy033H4LA
2026-08-01 13:28:39 | DEBUG    | download_manager_service.get_video_info | Obteniendo metadatos para: https://www.youtube.com/watch?v=bUvy033H4LA
2026-08-01 13:28:41 | DEBUG    | download_manager_service.get_video_info | Metadatos obtenidos exitosamente para: No Te Va Gustar - Cero a la Izquierda EN VIVO (video oficial)
2026-08-01 13:28:42 | INFO     | download_manager_service._download_with_retry | Descarga completada exitosamente: La Vela Puerca - Para no verme mas (DVD Festejar Para Sobrevivir, 20 años).mp3
2026-08-01 13:28:42 | INFO     | download_manager_service._download_with_retry | Iniciando descarga (Audio (MP3), 320) - Intento 1/3: https://www.youtube.com/watch?v=YVA3cusY3Z0
2026-08-01 13:28:42 | DEBUG    | download_manager_service.get_video_info | Obteniendo metadatos para: https://www.youtube.com/watch?v=YVA3cusY3Z0
2026-08-01 13:28:43 | DEBUG    | download_manager_service.get_video_info | Metadatos obtenidos exitosamente para: La Beriso - Todo Cambia (En Vivo) (Official Video)
2026-08-01 13:28:46 | INFO     | download_manager_service._download_with_retry | Descarga completada exitosamente: Un poco de amor francés - Estadio Único de La Plata - Indio en Concierto [2008] Full HD.mp3
2026-08-01 13:28:46 | INFO     | download_manager_service._download_with_retry | Iniciando descarga (Audio (MP3), 320) - Intento 1/3: https://www.youtube.com/watch?v=21DBuMo0qAY
2026-08-01 13:28:46 | DEBUG    | download_manager_service.get_video_info | Obteniendo metadatos para: https://www.youtube.com/watch?v=21DBuMo0qAY
2026-08-01 13:28:47 | INFO     | download_manager_service._download_with_retry | Descarga completada exitosamente: Divididos - Que Ves.mp3
2026-08-01 13:28:47 | INFO     | download_manager_service._download_with_retry | Iniciando descarga (Audio (MP3), 320) - Intento 1/3: https://www.youtube.com/watch?v=nkEneiQO5TQ
2026-08-01 13:28:47 | DEBUG    | download_manager_service.get_video_info | Obteniendo metadatos para: https://www.youtube.com/watch?v=nkEneiQO5TQ
2026-08-01 13:28:48 | DEBUG    | download_manager_service.get_video_info | Metadatos obtenidos exitosamente para: Dulce condena (Edición Aniversario)
2026-08-01 13:28:48 | DEBUG    | download_manager_service.get_video_info | Metadatos obtenidos exitosamente para: La 25 - Mil canciones (video oficial) HD
2026-08-01 13:28:49 | INFO     | download_manager_service._download_with_retry | Descarga completada exitosamente: No Te Va Gustar - Cero a la Izquierda EN VIVO (video oficial).mp3
2026-08-01 13:28:49 | INFO     | download_manager_service._download_with_retry | Iniciando descarga (Audio (MP3), 320) - Intento 1/3: https://www.youtube.com/watch?v=U3PUjIy6X_Q
2026-08-01 13:28:49 | DEBUG    | download_manager_service.get_video_info | Obteniendo metadatos para: https://www.youtube.com/watch?v=U3PUjIy6X_Q
2026-08-01 13:28:49 | INFO     | download_manager_service._download_with_retry | Descarga completada exitosamente: La Renga - Balada Del Diablo y La Muerte (Audio).mp3
2026-08-01 13:28:49 | INFO     | download_manager_service._download_with_retry | Iniciando descarga (Audio (MP3), 320) - Intento 1/3: https://www.youtube.com/watch?v=843sGpiT5iw
2026-08-01 13:28:49 | DEBUG    | download_manager_service.get_video_info | Obteniendo metadatos para: https://www.youtube.com/watch?v=843sGpiT5iw
2026-08-01 13:28:49 | WARNING  | download_manager_service._download_with_retry | Intento 1 fallido para https://www.youtube.com/watch?v=21DBuMo0qAY. Error: [0;31mERROR:[0m unable to download video data: HTTP Error 403: Forbidden
2026-08-01 13:28:49 | INFO     | download_manager_service._download_with_retry | Degradando calidad a 320 para el siguiente intento.
2026-08-01 13:28:51 | DEBUG    | download_manager_service.get_video_info | Metadatos obtenidos exitosamente para: AIRBAG - Cicatrices - Mentira La Verdad
2026-08-01 13:28:51 | DEBUG    | download_manager_service.get_video_info | Metadatos obtenidos exitosamente para: Las Pelotas - Personalmente (video oficial) HD
2026-08-01 13:28:51 | INFO     | download_manager_service._download_with_retry | Iniciando descarga (Audio (MP3), 320) - Intento 2/3: https://www.youtube.com/watch?v=21DBuMo0qAY
2026-08-01 13:28:51 | DEBUG    | download_manager_service.get_video_info | Obteniendo metadatos para: https://www.youtube.com/watch?v=21DBuMo0qAY
2026-08-01 13:28:52 | INFO     | download_manager_service._download_with_retry | Descarga completada exitosamente: La Beriso - Todo Cambia (En Vivo) (Official Video).mp3
2026-08-01 13:28:52 | INFO     | download_manager_service._download_with_retry | Iniciando descarga (Audio (MP3), 320) - Intento 1/3: https://www.youtube.com/watch?v=extN3AdocCc
2026-08-01 13:28:52 | DEBUG    | download_manager_service.get_video_info | Obteniendo metadatos para: https://www.youtube.com/watch?v=extN3AdocCc
2026-08-01 13:28:53 | DEBUG    | download_manager_service.get_video_info | Metadatos obtenidos exitosamente para: Dulce condena (Edición Aniversario)
2026-08-01 13:28:53 | DEBUG    | download_manager_service.get_video_info | Metadatos obtenidos exitosamente para: Árbol - El Fantasma
2026-08-01 13:28:58 | INFO     | download_manager_service._download_with_retry | Descarga completada exitosamente: AIRBAG - Cicatrices - Mentira La Verdad.mp3
2026-08-01 13:28:58 | INFO     | download_manager_service._download_with_retry | Iniciando descarga (Audio (MP3), 320) - Intento 1/3: https://www.youtube.com/watch?v=bdqvUwn1tbE
2026-08-01 13:28:58 | DEBUG    | download_manager_service.get_video_info | Obteniendo metadatos para: https://www.youtube.com/watch?v=bdqvUwn1tbE
2026-08-01 13:28:59 | INFO     | download_manager_service._download_with_retry | Descarga completada exitosamente: La 25 - Mil canciones (video oficial) HD.mp3
2026-08-01 13:28:59 | INFO     | download_manager_service._download_with_retry | Iniciando descarga (Audio (MP3), 320) - Intento 1/3: https://www.youtube.com/watch?v=x-X3cSr6bKU
2026-08-01 13:28:59 | DEBUG    | download_manager_service.get_video_info | Obteniendo metadatos para: https://www.youtube.com/watch?v=x-X3cSr6bKU
2026-08-01 13:29:00 | DEBUG    | download_manager_service.get_video_info | Metadatos obtenidos exitosamente para: Intoxicados - Nunca quise (video oficial) [HD]
2026-08-01 13:29:00 | DEBUG    | download_manager_service.get_video_info | Metadatos obtenidos exitosamente para: LOS RODRIGUEZ - Mi Enfermedad (video clip)
2026-08-01 13:29:01 | INFO     | download_manager_service._download_with_retry | Descarga completada exitosamente: Dulce condena (Edición Aniversario).mp3
2026-08-01 13:29:01 | INFO     | download_manager_service._download_with_retry | Iniciando descarga (Audio (MP3), 320) - Intento 1/3: https://www.youtube.com/watch?v=0v7u-38NkT4
2026-08-01 13:29:01 | DEBUG    | download_manager_service.get_video_info | Obteniendo metadatos para: https://www.youtube.com/watch?v=0v7u-38NkT4
2026-08-01 13:29:02 | DEBUG    | download_manager_service.get_video_info | Metadatos obtenidos exitosamente para: Estelares - El corazón sobre todo (vivo DVD "20 años - Gran Rex")
2026-08-01 13:29:07 | INFO     | download_manager_service._download_with_retry | Descarga completada exitosamente: Intoxicados - Nunca quise (video oficial) [HD].mp3
2026-08-01 13:29:07 | INFO     | download_manager_service._download_with_retry | Iniciando descarga (Audio (MP3), 320) - Intento 1/3: https://www.youtube.com/watch?v=O5IEPNCrbR8
2026-08-01 13:29:07 | DEBUG    | download_manager_service.get_video_info | Obteniendo metadatos para: https://www.youtube.com/watch?v=O5IEPNCrbR8
2026-08-01 13:29:08 | INFO     | download_manager_service._download_with_retry | Descarga completada exitosamente: LOS RODRIGUEZ - Mi Enfermedad (video clip).mp3
2026-08-01 13:29:08 | INFO     | download_manager_service._download_with_retry | Iniciando descarga (Audio (MP3), 320) - Intento 1/3: https://www.youtube.com/watch?v=BuEbAK42wZU
2026-08-01 13:29:08 | DEBUG    | download_manager_service.get_video_info | Obteniendo metadatos para: https://www.youtube.com/watch?v=BuEbAK42wZU
2026-08-01 13:29:09 | DEBUG    | download_manager_service.get_video_info | Metadatos obtenidos exitosamente para: La Beriso - Porque (En Vivo en el Luna Park)
2026-08-01 13:29:09 | DEBUG    | download_manager_service.get_video_info | Metadatos obtenidos exitosamente para: Coti - Otra Vez (Live Gran Rex 2015) ft. Guasones, Manuel Quieto
2026-08-01 13:29:10 | INFO     | download_manager_service._download_with_retry | Descarga completada exitosamente: Estelares - El corazón sobre todo (vivo DVD 20 años - Gran Rex).mp3
2026-08-01 13:29:10 | INFO     | download_manager_service._download_with_retry | Iniciando descarga (Audio (MP3), 320) - Intento 1/3: https://www.youtube.com/watch?v=IH-6ED8BMbU
2026-08-01 13:29:10 | DEBUG    | download_manager_service.get_video_info | Obteniendo metadatos para: https://www.youtube.com/watch?v=IH-6ED8BMbU
2026-08-01 13:29:11 | DEBUG    | download_manager_service.get_video_info | Metadatos obtenidos exitosamente para: Abel Pintos - A-Dios (En Vivo Estadio Único)
2026-08-01 13:29:17 | INFO     | download_manager_service._download_with_retry | Descarga completada exitosamente: Coti - Otra Vez (Live Gran Rex 2015) ft. Guasones, Manuel Quieto.mp3
2026-08-01 13:29:17 | INFO     | download_manager_service._download_with_retry | Iniciando descarga (Audio (MP3), 320) - Intento 1/3: https://www.youtube.com/watch?v=dnYdCpspAmY
2026-08-01 13:29:17 | DEBUG    | download_manager_service.get_video_info | Obteniendo metadatos para: https://www.youtube.com/watch?v=dnYdCpspAmY
2026-08-01 13:29:17 | INFO     | download_manager_service._download_with_retry | Descarga completada exitosamente: La Beriso - Porque (En Vivo en el Luna Park).mp3
2026-08-01 13:29:17 | INFO     | download_manager_service._download_with_retry | Iniciando descarga (Audio (MP3), 320) - Intento 1/3: https://www.youtube.com/watch?v=ULt6VSHuBY4
2026-08-01 13:29:17 | DEBUG    | download_manager_service.get_video_info | Obteniendo metadatos para: https://www.youtube.com/watch?v=ULt6VSHuBY4
2026-08-01 13:29:18 | DEBUG    | download_manager_service.get_video_info | Metadatos obtenidos exitosamente para: Attaque 77 - Chance (En Vivo)
2026-08-01 13:29:19 | DEBUG    | download_manager_service.get_video_info | Metadatos obtenidos exitosamente para: Los Caballeros de la Quema - Fulanos de Nadie (En Vivo Provincia Emergente)
2026-08-01 13:29:19 | INFO     | download_manager_service._download_with_retry | Descarga completada exitosamente: Abel Pintos - A-Dios (En Vivo Estadio Único).mp3
2026-08-01 13:29:19 | INFO     | download_manager_service._download_with_retry | Iniciando descarga (Audio (MP3), 320) - Intento 1/3: https://www.youtube.com/watch?v=01cCoom3fWQ
2026-08-01 13:29:19 | DEBUG    | download_manager_service.get_video_info | Obteniendo metadatos para: https://www.youtube.com/watch?v=01cCoom3fWQ
2026-08-01 13:29:19 | INFO     | download_manager_service._download_with_retry | Descarga completada exitosamente: Árbol - El Fantasma.mp3
2026-08-01 13:29:19 | INFO     | download_manager_service._download_with_retry | Iniciando descarga (Audio (MP3), 320) - Intento 1/3: https://www.youtube.com/watch?v=tu6FYdDGxrI
2026-08-01 13:29:19 | DEBUG    | download_manager_service.get_video_info | Obteniendo metadatos para: https://www.youtube.com/watch?v=tu6FYdDGxrI
2026-08-01 13:29:20 | DEBUG    | download_manager_service.get_video_info | Metadatos obtenidos exitosamente para: Las Pastillas Del Abuelo - Ojos De Dragón!
2026-08-01 13:29:21 | DEBUG    | download_manager_service.get_video_info | Metadatos obtenidos exitosamente para: Las Pastillas Del Abuelo - Viejo Karma!
2026-08-01 13:29:24 | INFO     | download_manager_service._download_with_retry | Descarga completada exitosamente: Las Pelotas - Personalmente (video oficial) HD.mp3
2026-08-01 13:29:24 | INFO     | download_manager_service._download_with_retry | Iniciando descarga (Audio (MP3), 320) - Intento 1/3: https://www.youtube.com/watch?v=5muolx9ynPA
2026-08-01 13:29:24 | DEBUG    | download_manager_service.get_video_info | Obteniendo metadatos para: https://www.youtube.com/watch?v=5muolx9ynPA
2026-08-01 13:29:25 | DEBUG    | download_manager_service.get_video_info | Metadatos obtenidos exitosamente para: Ella es tan cargosa - En redondel (video oficial)
2026-08-01 13:29:29 | INFO     | download_manager_service._download_with_retry | Descarga completada exitosamente: Las Pastillas Del Abuelo - Ojos De Dragón!.mp3
2026-08-01 13:29:29 | INFO     | download_manager_service._download_with_retry | Iniciando descarga (Audio (MP3), 320) - Intento 1/3: https://www.youtube.com/watch?v=ICwDcBLmZEc
2026-08-01 13:29:29 | DEBUG    | download_manager_service.get_video_info | Obteniendo metadatos para: https://www.youtube.com/watch?v=ICwDcBLmZEc
2026-08-01 13:29:29 | INFO     | download_manager_service._download_with_retry | Descarga completada exitosamente: Attaque 77 - Chance (En Vivo).mp3
2026-08-01 13:29:29 | INFO     | download_manager_service._download_with_retry | Iniciando descarga (Audio (MP3), 320) - Intento 1/3: https://www.youtube.com/watch?v=pMoENrA6Crc
2026-08-01 13:29:29 | DEBUG    | download_manager_service.get_video_info | Obteniendo metadatos para: https://www.youtube.com/watch?v=pMoENrA6Crc
2026-08-01 13:29:29 | INFO     | download_manager_service._download_with_retry | Descarga completada exitosamente: Los Caballeros de la Quema - Fulanos de Nadie (En Vivo Provincia Emergente).mp3
2026-08-01 13:29:29 | INFO     | download_manager_service._download_with_retry | Iniciando descarga (Audio (MP3), 320) - Intento 1/3: https://www.youtube.com/watch?v=1r-XsNYFhiU
2026-08-01 13:29:29 | DEBUG    | download_manager_service.get_video_info | Obteniendo metadatos para: https://www.youtube.com/watch?v=1r-XsNYFhiU
2026-08-01 13:29:30 | DEBUG    | download_manager_service.get_video_info | Metadatos obtenidos exitosamente para: La 25 - Cruz de sal (video oficial) [HD]
2026-08-01 13:29:31 | DEBUG    | download_manager_service.get_video_info | Metadatos obtenidos exitosamente para: Estelares - Aire (video oficial) [HD]
2026-08-01 13:29:31 | DEBUG    | download_manager_service.get_video_info | Metadatos obtenidos exitosamente para: Bye Bye - Vilma Palma e vampiros (Video Remasterizado 2025)
2026-08-01 13:29:32 | INFO     | download_manager_service._download_with_retry | Descarga completada exitosamente: Ella es tan cargosa - En redondel (video oficial).mp3
2026-08-01 13:29:32 | INFO     | download_manager_service._download_with_retry | Iniciando descarga (Audio (MP3), 320) - Intento 1/3: https://www.youtube.com/watch?v=XhYiBaYux4Y
2026-08-01 13:29:32 | DEBUG    | download_manager_service.get_video_info | Obteniendo metadatos para: https://www.youtube.com/watch?v=XhYiBaYux4Y
2026-08-01 13:29:32 | INFO     | download_manager_service._download_with_retry | Descarga completada exitosamente: Las Pastillas Del Abuelo - Viejo Karma!.mp3
2026-08-01 13:29:32 | INFO     | download_manager_service._download_with_retry | Iniciando descarga (Audio (MP3), 320) - Intento 1/3: https://www.youtube.com/watch?v=_Hy6q5mUf5k
2026-08-01 13:29:32 | DEBUG    | download_manager_service.get_video_info | Obteniendo metadatos para: https://www.youtube.com/watch?v=_Hy6q5mUf5k
2026-08-01 13:29:33 | DEBUG    | download_manager_service.get_video_info | Metadatos obtenidos exitosamente para: Patricio Rey y sus Redonditos de Ricota - Todo un Palo (Audio Oficial)
2026-08-01 13:29:34 | DEBUG    | download_manager_service.get_video_info | Metadatos obtenidos exitosamente para: La Beriso - Dejame
2026-08-01 13:29:39 | INFO     | download_manager_service._download_with_retry | Descarga completada exitosamente: Estelares - Aire (video oficial) [HD].mp3
2026-08-01 13:29:39 | INFO     | download_manager_service._download_with_retry | Iniciando descarga (Audio (MP3), 320) - Intento 1/3: https://www.youtube.com/watch?v=GPeiU6RqIjA
2026-08-01 13:29:39 | DEBUG    | download_manager_service.get_video_info | Obteniendo metadatos para: https://www.youtube.com/watch?v=GPeiU6RqIjA
2026-08-01 13:29:40 | DEBUG    | download_manager_service.get_video_info | Metadatos obtenidos exitosamente para: Las Pelotas - Será (video oficial) HD
2026-08-01 13:29:41 | INFO     | download_manager_service._download_with_retry | Descarga completada exitosamente: La Beriso - Dejame.mp3
2026-08-01 13:29:41 | INFO     | download_manager_service._download_with_retry | Iniciando descarga (Audio (MP3), 320) - Intento 1/3: https://www.youtube.com/watch?v=Bj-Yed48rws
2026-08-01 13:29:41 | DEBUG    | download_manager_service.get_video_info | Obteniendo metadatos para: https://www.youtube.com/watch?v=Bj-Yed48rws
2026-08-01 13:29:43 | INFO     | download_manager_service._download_with_retry | Descarga completada exitosamente: Bye Bye - Vilma Palma e vampiros (Video Remasterizado 2025).mp3
2026-08-01 13:29:43 | INFO     | download_manager_service._download_with_retry | Iniciando descarga (Audio (MP3), 320) - Intento 1/3: https://www.youtube.com/watch?v=0AqLPLz6Rns
2026-08-01 13:29:43 | DEBUG    | download_manager_service.get_video_info | Obteniendo metadatos para: https://www.youtube.com/watch?v=0AqLPLz6Rns
2026-08-01 13:29:43 | DEBUG    | download_manager_service.get_video_info | Metadatos obtenidos exitosamente para: Memphis la blusera - Montón de nada (DVD Luna Park "25")
2026-08-01 13:29:44 | DEBUG    | download_manager_service.get_video_info | Metadatos obtenidos exitosamente para: Vicentico - Los Caminos de la Vida (En Vivo en Corrientes)
2026-08-01 13:29:46 | INFO     | download_manager_service._download_with_retry | Descarga completada exitosamente: Las Pelotas - Será (video oficial) HD.mp3
2026-08-01 13:29:46 | INFO     | download_manager_service._download_with_retry | Iniciando descarga (Audio (MP3), 320) - Intento 1/3: https://www.youtube.com/watch?v=QGt3WRZKntc
2026-08-01 13:29:46 | DEBUG    | download_manager_service.get_video_info | Obteniendo metadatos para: https://www.youtube.com/watch?v=QGt3WRZKntc
2026-08-01 13:29:46 | INFO     | download_manager_service._download_with_retry | Descarga completada exitosamente: Patricio Rey y sus Redonditos de Ricota - Todo un Palo (Audio Oficial).mp3
2026-08-01 13:29:46 | INFO     | download_manager_service._download_with_retry | Iniciando descarga (Audio (MP3), 320) - Intento 1/3: https://www.youtube.com/watch?v=rrrSGplAgOs
2026-08-01 13:29:46 | DEBUG    | download_manager_service.get_video_info | Obteniendo metadatos para: https://www.youtube.com/watch?v=rrrSGplAgOs
2026-08-01 13:29:47 | DEBUG    | download_manager_service.get_video_info | Metadatos obtenidos exitosamente para: Inocente (En Vivo En El Luna Park) - La Delio Valdez y Karina
2026-08-01 13:29:48 | DEBUG    | download_manager_service.get_video_info | Metadatos obtenidos exitosamente para: La Konga, Nahuel Pennisi - UNIVERSO PARALELO (Estadio Luna Park)
2026-08-01 13:29:53 | INFO     | download_manager_service._download_with_retry | Descarga completada exitosamente: Memphis la blusera - Montón de nada (DVD Luna Park 25).mp3
2026-08-01 13:29:53 | INFO     | download_manager_service._download_with_retry | Iniciando descarga (Audio (MP3), 320) - Intento 1/3: https://www.youtube.com/watch?v=FYryPZPh5UI
2026-08-01 13:29:53 | DEBUG    | download_manager_service.get_video_info | Obteniendo metadatos para: https://www.youtube.com/watch?v=FYryPZPh5UI
2026-08-01 13:29:54 | INFO     | download_manager_service._download_with_retry | Descarga completada exitosamente: Vicentico - Los Caminos de la Vida (En Vivo en Corrientes).mp3
2026-08-01 13:29:54 | INFO     | download_manager_service._download_with_retry | Iniciando descarga (Audio (MP3), 320) - Intento 1/3: https://www.youtube.com/watch?v=ZTppR1IK8zg
2026-08-01 13:29:54 | DEBUG    | download_manager_service.get_video_info | Obteniendo metadatos para: https://www.youtube.com/watch?v=ZTppR1IK8zg
2026-08-01 13:29:54 | DEBUG    | download_manager_service.get_video_info | Metadatos obtenidos exitosamente para: Estelares - Un dia perfecto (video oficial) [HD]
2026-08-01 13:29:56 | DEBUG    | download_manager_service.get_video_info | Metadatos obtenidos exitosamente para: Callejeros - 9 de Julio (Lyric)
2026-08-01 13:29:56 | INFO     | download_manager_service._download_with_retry | Descarga completada exitosamente: La Konga, Nahuel Pennisi - UNIVERSO PARALELO (Estadio Luna Park).mp3
2026-08-01 13:29:56 | INFO     | download_manager_service._download_with_retry | Iniciando descarga (Audio (MP3), 320) - Intento 1/3: https://www.youtube.com/watch?v=T7bK9i4OV2U
2026-08-01 13:29:56 | DEBUG    | download_manager_service.get_video_info | Obteniendo metadatos para: https://www.youtube.com/watch?v=T7bK9i4OV2U
2026-08-01 13:29:57 | WARNING  | download_manager_service._download_with_retry | Intento 1 fallido para https://www.youtube.com/watch?v=ZTppR1IK8zg. Error: [0;31mERROR:[0m unable to download video data: HTTP Error 403: Forbidden
2026-08-01 13:29:57 | INFO     | download_manager_service._download_with_retry | Degradando calidad a 320 para el siguiente intento.
2026-08-01 13:29:58 | DEBUG    | download_manager_service.get_video_info | Metadatos obtenidos exitosamente para: Las Pastillas del Abuelo & Ke Personajes | Loco por volverla a ver
2026-08-01 13:29:59 | INFO     | download_manager_service._download_with_retry | Descarga completada exitosamente: Inocente (En Vivo En El Luna Park) - La Delio Valdez y Karina.mp3
2026-08-01 13:29:59 | INFO     | download_manager_service._download_with_retry | Iniciando descarga (Audio (MP3), 320) - Intento 1/3: https://www.youtube.com/watch?v=fn5DP69g11g
2026-08-01 13:29:59 | DEBUG    | download_manager_service.get_video_info | Obteniendo metadatos para: https://www.youtube.com/watch?v=fn5DP69g11g
2026-08-01 13:29:59 | INFO     | download_manager_service._download_with_retry | Iniciando descarga (Audio (MP3), 320) - Intento 2/3: https://www.youtube.com/watch?v=ZTppR1IK8zg
2026-08-01 13:29:59 | DEBUG    | download_manager_service.get_video_info | Obteniendo metadatos para: https://www.youtube.com/watch?v=ZTppR1IK8zg
2026-08-01 13:30:00 | DEBUG    | download_manager_service.get_video_info | Metadatos obtenidos exitosamente para: Tan Bionica, Airbag - Arruinarse (feat. Airbag) (En Vivo En River Plate)
2026-08-01 13:30:01 | DEBUG    | download_manager_service.get_video_info | Metadatos obtenidos exitosamente para: Callejeros - 9 de Julio (Lyric)
2026-08-01 13:30:03 | INFO     | download_manager_service._download_with_retry | Descarga completada exitosamente: Estelares - Un dia perfecto (video oficial) [HD].mp3
2026-08-01 13:30:03 | INFO     | download_manager_service._download_with_retry | Iniciando descarga (Audio (MP3), 320) - Intento 1/3: https://www.youtube.com/watch?v=V8hIlJt0lDY
2026-08-01 13:30:03 | DEBUG    | download_manager_service.get_video_info | Obteniendo metadatos para: https://www.youtube.com/watch?v=V8hIlJt0lDY
2026-08-01 13:30:04 | DEBUG    | download_manager_service.get_video_info | Metadatos obtenidos exitosamente para: Tan Bionica, Abel Pintos - Obsesionario En La Mayor (En Vivo En River Plate)
2026-08-01 13:30:07 | INFO     | download_manager_service._download_with_retry | Descarga completada exitosamente: Las Pastillas del Abuelo & Ke Personajes Loco por volverla a ver.mp3
2026-08-01 13:30:07 | INFO     | download_manager_service._download_with_retry | Iniciando descarga (Audio (MP3), 320) - Intento 1/3: https://www.youtube.com/watch?v=BL4XY5CFzwA
2026-08-01 13:30:07 | DEBUG    | download_manager_service.get_video_info | Obteniendo metadatos para: https://www.youtube.com/watch?v=BL4XY5CFzwA
2026-08-01 13:30:09 | DEBUG    | download_manager_service.get_video_info | Metadatos obtenidos exitosamente para: Don Osvaldo-Una Nueva Noche Fría [En Vivo, Playón Estadio Único D.A.M., Octubre 2024]
2026-08-01 13:30:09 | INFO     | download_manager_service._download_with_retry | Descarga completada exitosamente: Callejeros - 9 de Julio (Lyric).mp3
2026-08-01 13:30:09 | INFO     | download_manager_service._download_with_retry | Iniciando descarga (Audio (MP3), 320) - Intento 1/3: https://www.youtube.com/watch?v=hfebKM4UJ2E
2026-08-01 13:30:09 | DEBUG    | download_manager_service.get_video_info | Obteniendo metadatos para: https://www.youtube.com/watch?v=hfebKM4UJ2E
2026-08-01 13:30:10 | DEBUG    | download_manager_service.get_video_info | Metadatos obtenidos exitosamente para: El narigón del barranco
2026-08-01 13:30:11 | INFO     | download_manager_service._download_with_retry | Descarga completada exitosamente: Tan Bionica, Airbag - Arruinarse (feat. Airbag) (En Vivo En River Plate).mp3
2026-08-01 13:30:11 | INFO     | download_manager_service._download_with_retry | Iniciando descarga (Audio (MP3), 320) - Intento 1/3: https://www.youtube.com/watch?v=Ei4LG0ANTO8
2026-08-01 13:30:11 | DEBUG    | download_manager_service.get_video_info | Obteniendo metadatos para: https://www.youtube.com/watch?v=Ei4LG0ANTO8
2026-08-01 13:30:13 | DEBUG    | download_manager_service.get_video_info | Metadatos obtenidos exitosamente para: Un ángel para tu soledad - Estadio Único de La Plata - Indio en Concierto [2008] Full HD
2026-08-01 13:30:14 | INFO     | download_manager_service._download_with_retry | Descarga completada exitosamente: Tan Bionica, Abel Pintos - Obsesionario En La Mayor (En Vivo En River Plate).mp3
2026-08-01 13:30:14 | INFO     | download_manager_service._download_with_retry | Iniciando descarga (Audio (MP3), 320) - Intento 1/3: https://www.youtube.com/watch?v=kHPja5eLZdU
2026-08-01 13:30:14 | DEBUG    | download_manager_service.get_video_info | Obteniendo metadatos para: https://www.youtube.com/watch?v=kHPja5eLZdU
2026-08-01 13:30:15 | DEBUG    | download_manager_service.get_video_info | Metadatos obtenidos exitosamente para: Luis Alberto Spinetta - Rezo por Vos (En Vivo Estadio Vélez Sarsfield) ft. Charly García
2026-08-01 13:30:16 | INFO     | download_manager_service._download_with_retry | Descarga completada exitosamente: La 25 - Cruz de sal (video oficial) [HD].mp3
2026-08-01 13:30:16 | INFO     | download_manager_service._download_with_retry | Iniciando descarga (Audio (MP3), 320) - Intento 1/3: https://www.youtube.com/watch?v=Fbi8_1H-kRE
2026-08-01 13:30:16 | DEBUG    | download_manager_service.get_video_info | Obteniendo metadatos para: https://www.youtube.com/watch?v=Fbi8_1H-kRE
2026-08-01 13:30:17 | DEBUG    | download_manager_service.get_video_info | Metadatos obtenidos exitosamente para: Coti - Antes Que Ver El Sol
2026-08-01 13:30:18 | INFO     | download_manager_service._download_with_retry | Descarga completada exitosamente: Don Osvaldo-Una Nueva Noche Fría [En Vivo, Playón Estadio Único D.A.M., Octubre 2024].mp3
2026-08-01 13:30:18 | INFO     | download_manager_service._download_with_retry | Iniciando descarga (Audio (MP3), 320) - Intento 1/3: https://www.youtube.com/watch?v=I_818q1nMp8
2026-08-01 13:30:18 | DEBUG    | download_manager_service.get_video_info | Obteniendo metadatos para: https://www.youtube.com/watch?v=I_818q1nMp8
2026-08-01 13:30:20 | DEBUG    | download_manager_service.get_video_info | Metadatos obtenidos exitosamente para: No Te Va Gustar ft. Jorge Drexler - De Nada Sirve (Acústico) [Otras Canciones 2019]
2026-08-01 13:30:21 | INFO     | download_manager_service._download_with_retry | Descarga completada exitosamente: Un ángel para tu soledad - Estadio Único de La Plata - Indio en Concierto [2008] Full HD.mp3
2026-08-01 13:30:21 | INFO     | download_manager_service._download_with_retry | Iniciando descarga (Audio (MP3), 320) - Intento 1/3: https://www.youtube.com/watch?v=T_8Eo-VdRRs
2026-08-01 13:30:21 | DEBUG    | download_manager_service.get_video_info | Obteniendo metadatos para: https://www.youtube.com/watch?v=T_8Eo-VdRRs
2026-08-01 13:30:22 | DEBUG    | download_manager_service.get_video_info | Metadatos obtenidos exitosamente para: Los Pericos - Pupilas Lejanas (En Vivo)
2026-08-01 13:30:24 | INFO     | download_manager_service._download_with_retry | Descarga completada exitosamente: Luis Alberto Spinetta - Rezo por Vos (En Vivo Estadio Vélez Sarsfield) ft. Charly García.mp3
2026-08-01 13:30:24 | INFO     | download_manager_service._download_with_retry | Iniciando descarga (Audio (MP3), 320) - Intento 1/3: https://www.youtube.com/watch?v=M4h-VnRlUec
2026-08-01 13:30:24 | DEBUG    | download_manager_service.get_video_info | Obteniendo metadatos para: https://www.youtube.com/watch?v=M4h-VnRlUec
2026-08-01 13:30:25 | INFO     | download_manager_service._download_with_retry | Descarga completada exitosamente: El narigón del barranco.mp3
2026-08-01 13:30:25 | INFO     | download_manager_service._download_with_retry | Iniciando descarga (Audio (MP3), 320) - Intento 1/3: https://www.youtube.com/watch?v=xaaEURidIUs
2026-08-01 13:30:25 | DEBUG    | download_manager_service.get_video_info | Obteniendo metadatos para: https://www.youtube.com/watch?v=xaaEURidIUs
2026-08-01 13:30:25 | INFO     | download_manager_service._download_with_retry | Descarga completada exitosamente: Coti - Antes Que Ver El Sol.mp3
2026-08-01 13:30:25 | INFO     | download_manager_service._download_with_retry | Iniciando descarga (Audio (MP3), 320) - Intento 1/3: https://www.youtube.com/watch?v=PqM2HYEvdW4
2026-08-01 13:30:25 | DEBUG    | download_manager_service.get_video_info | Obteniendo metadatos para: https://www.youtube.com/watch?v=PqM2HYEvdW4
2026-08-01 13:30:26 | DEBUG    | download_manager_service.get_video_info | Metadatos obtenidos exitosamente para: No Te Va Gustar - Verte Reír (En Vivo En Argentina)
2026-08-01 13:30:26 | DEBUG    | download_manager_service.get_video_info | Metadatos obtenidos exitosamente para: La Beriso - Incendiémonos (Official Video)
2026-08-01 13:30:26 | DEBUG    | download_manager_service.get_video_info | Metadatos obtenidos exitosamente para: Ciro y Los Persas | DICE (Video Oficial)
2026-08-01 13:30:28 | INFO     | download_manager_service._download_with_retry | Descarga completada exitosamente: No Te Va Gustar ft. Jorge Drexler - De Nada Sirve (Acústico) [Otras Canciones 2019].mp3
2026-08-01 13:30:28 | INFO     | download_manager_service._download_with_retry | Iniciando descarga (Audio (MP3), 320) - Intento 1/3: https://www.youtube.com/watch?v=9ObRKPwBf7s
2026-08-01 13:30:28 | DEBUG    | download_manager_service.get_video_info | Obteniendo metadatos para: https://www.youtube.com/watch?v=9ObRKPwBf7s
2026-08-01 13:30:30 | DEBUG    | download_manager_service.get_video_info | Metadatos obtenidos exitosamente para: Estelares - Es el amor (video oficial)
2026-08-01 13:30:30 | INFO     | download_manager_service._download_with_retry | Descarga completada exitosamente: Los Pericos - Pupilas Lejanas (En Vivo).mp3
2026-08-01 13:30:30 | INFO     | download_manager_service._download_with_retry | Iniciando descarga (Audio (MP3), 320) - Intento 1/3: https://www.youtube.com/watch?v=avRebeWQEJ4
2026-08-01 13:30:30 | DEBUG    | download_manager_service.get_video_info | Obteniendo metadatos para: https://www.youtube.com/watch?v=avRebeWQEJ4
2026-08-01 13:30:32 | DEBUG    | download_manager_service.get_video_info | Metadatos obtenidos exitosamente para: La Beriso TV - La Beriso - Reflejo (Video Oficial)
2026-08-01 13:30:34 | INFO     | download_manager_service._download_with_retry | Descarga completada exitosamente: No Te Va Gustar - Verte Reír (En Vivo En Argentina).mp3
2026-08-01 13:30:34 | INFO     | download_manager_service._download_with_retry | Iniciando descarga (Audio (MP3), 320) - Intento 1/3: https://www.youtube.com/watch?v=7u_vvJiYB2g
2026-08-01 13:30:34 | DEBUG    | download_manager_service.get_video_info | Obteniendo metadatos para: https://www.youtube.com/watch?v=7u_vvJiYB2g
2026-08-01 13:30:35 | INFO     | download_manager_service._download_with_retry | Descarga completada exitosamente: La Beriso - Incendiémonos (Official Video).mp3
2026-08-01 13:30:35 | INFO     | download_manager_service._download_with_retry | Iniciando descarga (Audio (MP3), 320) - Intento 1/3: https://www.youtube.com/watch?v=GUf81ofAZV0
2026-08-01 13:30:35 | DEBUG    | download_manager_service.get_video_info | Obteniendo metadatos para: https://www.youtube.com/watch?v=GUf81ofAZV0
2026-08-01 13:30:36 | DEBUG    | download_manager_service.get_video_info | Metadatos obtenidos exitosamente para: Babasónicos - Medley: Vampi / El Loco (Repuesto de Fe/En Vivo)
2026-08-01 13:30:36 | DEBUG    | download_manager_service.get_video_info | Metadatos obtenidos exitosamente para: Gustavo Cerati "Adiós" (Video Oficial)
2026-08-01 13:30:37 | INFO     | download_manager_service._download_with_retry | Descarga completada exitosamente: Estelares - Es el amor (video oficial).mp3
2026-08-01 13:30:37 | INFO     | download_manager_service._download_with_retry | Iniciando descarga (Audio (MP3), 320) - Intento 1/3: https://www.youtube.com/watch?v=IYj364cgamk
2026-08-01 13:30:37 | DEBUG    | download_manager_service.get_video_info | Obteniendo metadatos para: https://www.youtube.com/watch?v=IYj364cgamk
2026-08-01 13:30:39 | DEBUG    | download_manager_service.get_video_info | Metadatos obtenidos exitosamente para: Tan Bionica - Obsesionario En La Mayor
2026-08-01 13:30:39 | INFO     | download_manager_service._download_with_retry | Descarga completada exitosamente: La Beriso TV - La Beriso - Reflejo (Video Oficial).mp3
2026-08-01 13:30:39 | INFO     | download_manager_service._download_with_retry | Iniciando descarga (Audio (MP3), 320) - Intento 1/3: https://www.youtube.com/watch?v=xRaNtoiUkjQ
2026-08-01 13:30:39 | DEBUG    | download_manager_service.get_video_info | Obteniendo metadatos para: https://www.youtube.com/watch?v=xRaNtoiUkjQ
2026-08-01 13:30:41 | DEBUG    | download_manager_service.get_video_info | Metadatos obtenidos exitosamente para: Tan Bionica - Loca
2026-08-01 13:30:43 | INFO     | download_manager_service._download_with_retry | Descarga completada exitosamente: Gustavo Cerati Adiós (Video Oficial).mp3
2026-08-01 13:30:43 | INFO     | download_manager_service._download_with_retry | Iniciando descarga (Audio (MP3), 320) - Intento 1/3: https://www.youtube.com/watch?v=YglZ5BzPbYs
2026-08-01 13:30:43 | DEBUG    | download_manager_service.get_video_info | Obteniendo metadatos para: https://www.youtube.com/watch?v=YglZ5BzPbYs
2026-08-01 13:30:45 | DEBUG    | download_manager_service.get_video_info | Metadatos obtenidos exitosamente para: No Te Va Gustar - Chau (video oficial)
2026-08-01 13:30:46 | INFO     | download_manager_service._download_with_retry | Descarga completada exitosamente: Tan Bionica - Obsesionario En La Mayor.mp3
2026-08-01 13:30:46 | INFO     | download_manager_service._download_with_retry | Iniciando descarga (Audio (MP3), 320) - Intento 1/3: https://www.youtube.com/watch?v=Zt6nCSMAIZg
2026-08-01 13:30:46 | DEBUG    | download_manager_service.get_video_info | Obteniendo metadatos para: https://www.youtube.com/watch?v=Zt6nCSMAIZg
2026-08-01 13:30:46 | INFO     | download_manager_service._download_with_retry | Descarga completada exitosamente: Babasónicos - Medley Vampi El Loco (Repuesto de FeEn Vivo).mp3
2026-08-01 13:30:46 | INFO     | download_manager_service._download_with_retry | Iniciando descarga (Audio (MP3), 320) - Intento 1/3: https://www.youtube.com/watch?v=a1KmOxVt4QY
2026-08-01 13:30:46 | DEBUG    | download_manager_service.get_video_info | Obteniendo metadatos para: https://www.youtube.com/watch?v=a1KmOxVt4QY
2026-08-01 13:30:47 | DEBUG    | download_manager_service.get_video_info | Metadatos obtenidos exitosamente para: La Vela Puerca | El Viejo | De Bichos y Flores
2026-08-01 13:30:48 | DEBUG    | download_manager_service.get_video_info | Metadatos obtenidos exitosamente para: La Beriso y Cacho Castaña - Cacho de Buenos Aires
2026-08-01 13:30:50 | INFO     | download_manager_service._download_with_retry | Descarga completada exitosamente: No Te Va Gustar - Chau (video oficial).mp3
2026-08-01 13:30:50 | INFO     | download_manager_service._download_with_retry | Iniciando descarga (Audio (MP3), 320) - Intento 1/3: https://www.youtube.com/watch?v=YVXNPPdh6wE
2026-08-01 13:30:50 | DEBUG    | download_manager_service.get_video_info | Obteniendo metadatos para: https://www.youtube.com/watch?v=YVXNPPdh6wE
2026-08-01 13:30:51 | DEBUG    | download_manager_service.get_video_info | Metadatos obtenidos exitosamente para: Crimen
2026-08-01 13:30:53 | INFO     | download_manager_service._download_with_retry | Descarga completada exitosamente: La Vela Puerca El Viejo De Bichos y Flores.mp3
2026-08-01 13:30:53 | INFO     | download_manager_service._download_with_retry | Iniciando descarga (Audio (MP3), 320) - Intento 1/3: https://www.youtube.com/watch?v=ml5Xb3yNa4o
2026-08-01 13:30:53 | DEBUG    | download_manager_service.get_video_info | Obteniendo metadatos para: https://www.youtube.com/watch?v=ml5Xb3yNa4o
2026-08-01 13:30:55 | DEBUG    | download_manager_service.get_video_info | Metadatos obtenidos exitosamente para: Bersuit Vergarabat - El Tiempo No Para
2026-08-01 13:30:56 | INFO     | download_manager_service._download_with_retry | Descarga completada exitosamente: La Beriso y Cacho Castaña - Cacho de Buenos Aires.mp3
2026-08-01 13:30:56 | INFO     | download_manager_service._download_with_retry | Iniciando descarga (Audio (MP3), 320) - Intento 1/3: https://www.youtube.com/watch?v=Tm40gxuNKXg
2026-08-01 13:30:56 | DEBUG    | download_manager_service.get_video_info | Obteniendo metadatos para: https://www.youtube.com/watch?v=Tm40gxuNKXg
2026-08-01 13:30:57 | DEBUG    | download_manager_service.get_video_info | Metadatos obtenidos exitosamente para: Bersuit Vergarabat - Un Pacto
2026-08-01 13:30:58 | INFO     | download_manager_service._download_with_retry | Descarga completada exitosamente: Crimen.mp3
2026-08-01 13:30:58 | INFO     | download_manager_service._download_with_retry | Iniciando descarga (Audio (MP3), 320) - Intento 1/3: https://www.youtube.com/watch?v=dL-Rg0RDaiI
2026-08-01 13:30:58 | DEBUG    | download_manager_service.get_video_info | Obteniendo metadatos para: https://www.youtube.com/watch?v=dL-Rg0RDaiI
2026-08-01 13:30:59 | DEBUG    | download_manager_service.get_video_info | Metadatos obtenidos exitosamente para: Abel Pintos - La Llave (En Vivo Estadio River Plate)
2026-08-01 13:31:01 | WARNING  | download_manager_service._download_with_retry | Intento 1 fallido para https://www.youtube.com/watch?v=dL-Rg0RDaiI. Error: [0;31mERROR:[0m unable to download video data: HTTP Error 403: Forbidden
2026-08-01 13:31:01 | INFO     | download_manager_service._download_with_retry | Degradando calidad a 320 para el siguiente intento.
2026-08-01 13:31:03 | INFO     | download_manager_service._download_with_retry | Iniciando descarga (Audio (MP3), 320) - Intento 2/3: https://www.youtube.com/watch?v=dL-Rg0RDaiI
2026-08-01 13:31:03 | DEBUG    | download_manager_service.get_video_info | Obteniendo metadatos para: https://www.youtube.com/watch?v=dL-Rg0RDaiI
2026-08-01 13:31:03 | INFO     | download_manager_service._download_with_retry | Descarga completada exitosamente: Bersuit Vergarabat - El Tiempo No Para.mp3
2026-08-01 13:31:03 | INFO     | download_manager_service._download_with_retry | Iniciando descarga (Audio (MP3), 320) - Intento 1/3: https://www.youtube.com/watch?v=30K682JeL8M
2026-08-01 13:31:03 | DEBUG    | download_manager_service.get_video_info | Obteniendo metadatos para: https://www.youtube.com/watch?v=30K682JeL8M
2026-08-01 13:31:04 | DEBUG    | download_manager_service.get_video_info | Metadatos obtenidos exitosamente para: Abel Pintos - La Llave (En Vivo Estadio River Plate)
2026-08-01 13:31:04 | DEBUG    | download_manager_service.get_video_info | Metadatos obtenidos exitosamente para: Luciano Pereyra - Si No Es Muy Tarde (En Vivo Luna Park 2016)
2026-08-01 13:31:05 | INFO     | download_manager_service._download_with_retry | Descarga completada exitosamente: Bersuit Vergarabat - Un Pacto.mp3
2026-08-01 13:31:05 | INFO     | download_manager_service._download_with_retry | Iniciando descarga (Audio (MP3), 320) - Intento 1/3: https://www.youtube.com/watch?v=_m6qT1PAeQc
2026-08-01 13:31:05 | DEBUG    | download_manager_service.get_video_info | Obteniendo metadatos para: https://www.youtube.com/watch?v=_m6qT1PAeQc
2026-08-01 13:31:06 | DEBUG    | download_manager_service.get_video_info | Metadatos obtenidos exitosamente para: Luciano Pereyra - No Te Puedo Olvidar (Live At Vélez Argentina / 2018)
2026-08-01 13:31:11 | INFO     | download_manager_service._download_with_retry | Descarga completada exitosamente: Luciano Pereyra - Si No Es Muy Tarde (En Vivo Luna Park 2016).mp3
2026-08-01 13:31:11 | INFO     | download_manager_service._download_with_retry | Iniciando descarga (Audio (MP3), 320) - Intento 1/3: https://www.youtube.com/watch?v=HruUfRtYQVk
2026-08-01 13:31:11 | DEBUG    | download_manager_service.get_video_info | Obteniendo metadatos para: https://www.youtube.com/watch?v=HruUfRtYQVk
2026-08-01 13:31:12 | INFO     | download_manager_service._download_with_retry | Descarga completada exitosamente: Abel Pintos - La Llave (En Vivo Estadio River Plate).mp3
2026-08-01 13:31:12 | INFO     | download_manager_service._download_with_retry | Iniciando descarga (Audio (MP3), 320) - Intento 1/3: https://www.youtube.com/watch?v=D6GXRdZECko
2026-08-01 13:31:12 | DEBUG    | download_manager_service.get_video_info | Obteniendo metadatos para: https://www.youtube.com/watch?v=D6GXRdZECko
2026-08-01 13:31:13 | DEBUG    | download_manager_service.get_video_info | Metadatos obtenidos exitosamente para: Luciano Pereyra - Que Suerte Tiene El
2026-08-01 13:31:13 | DEBUG    | download_manager_service.get_video_info | Metadatos obtenidos exitosamente para: Luciano Pereyra, Los Ángeles Azules - Una Mujer Como Tú
2026-08-01 13:31:14 | INFO     | download_manager_service._download_with_retry | Descarga completada exitosamente: Luciano Pereyra - No Te Puedo Olvidar (Live At Vélez Argentina 2018).mp3
2026-08-01 13:31:14 | INFO     | download_manager_service._download_with_retry | Iniciando descarga (Audio (MP3), 320) - Intento 1/3: https://www.youtube.com/watch?v=3dlXwh-UbSo
2026-08-01 13:31:14 | DEBUG    | download_manager_service.get_video_info | Obteniendo metadatos para: https://www.youtube.com/watch?v=3dlXwh-UbSo
2026-08-01 13:31:15 | DEBUG    | download_manager_service.get_video_info | Metadatos obtenidos exitosamente para: La Konga, Sergio Dalma - EL MUNDO
2026-08-01 13:31:15 | INFO     | download_manager_service._download_with_retry | Descarga completada exitosamente: Tan Bionica - Loca.mp3
2026-08-01 13:31:15 | INFO     | download_manager_service._download_with_retry | Iniciando descarga (Audio (MP3), 320) - Intento 1/3: https://www.youtube.com/watch?v=1aW3eBumz5k
2026-08-01 13:31:15 | DEBUG    | download_manager_service.get_video_info | Obteniendo metadatos para: https://www.youtube.com/watch?v=1aW3eBumz5k
2026-08-01 13:31:17 | DEBUG    | download_manager_service.get_video_info | Metadatos obtenidos exitosamente para: Los del Fuego - Jurabas tu / Mientes / Sabes│ VIVO 2019 FULL HD
2026-08-01 13:31:19 | INFO     | download_manager_service._download_with_retry | Descarga completada exitosamente: Luciano Pereyra - Que Suerte Tiene El.mp3
2026-08-01 13:31:19 | INFO     | download_manager_service._download_with_retry | Iniciando descarga (Audio (MP3), 320) - Intento 1/3: https://www.youtube.com/watch?v=UfQTAIrwwg0
2026-08-01 13:31:19 | DEBUG    | download_manager_service.get_video_info | Obteniendo metadatos para: https://www.youtube.com/watch?v=UfQTAIrwwg0
2026-08-01 13:31:21 | DEBUG    | download_manager_service.get_video_info | Metadatos obtenidos exitosamente para: Q' Lokura, Angela Leiva - Yo Era - Pero Me Acuerdo De Ti #LunaPark
2026-08-01 13:31:21 | INFO     | download_manager_service._download_with_retry | Descarga completada exitosamente: La Konga, Sergio Dalma - EL MUNDO.mp3
2026-08-01 13:31:21 | INFO     | download_manager_service._download_with_retry | Iniciando descarga (Audio (MP3), 320) - Intento 1/3: https://www.youtube.com/watch?v=3QKR5RxSV1E
2026-08-01 13:31:21 | DEBUG    | download_manager_service.get_video_info | Obteniendo metadatos para: https://www.youtube.com/watch?v=3QKR5RxSV1E
2026-08-01 13:31:23 | DEBUG    | download_manager_service.get_video_info | Metadatos obtenidos exitosamente para: El Potro Rodrigo - Ocho Cuarenta (840) - Video Lyric
2026-08-01 13:31:26 | INFO     | download_manager_service._download_with_retry | Descarga completada exitosamente: Ciro y Los Persas DICE (Video Oficial).mp3
2026-08-01 13:31:26 | INFO     | download_manager_service._download_with_retry | Iniciando descarga (Audio (MP3), 320) - Intento 1/3: https://www.youtube.com/watch?v=ay_PvEB-qK8
2026-08-01 13:31:26 | DEBUG    | download_manager_service.get_video_info | Obteniendo metadatos para: https://www.youtube.com/watch?v=ay_PvEB-qK8
2026-08-01 13:31:27 | DEBUG    | download_manager_service.get_video_info | Metadatos obtenidos exitosamente para: La Konga, Sergio Dalma - YO NO TE PIDO LA LUNA
2026-08-01 13:31:31 | INFO     | download_manager_service._download_with_retry | Descarga completada exitosamente: Los del Fuego - Jurabas tu Mientes Sabes│ VIVO 2019 FULL HD.mp3
2026-08-01 13:31:31 | INFO     | download_manager_service._download_with_retry | Iniciando descarga (Audio (MP3), 320) - Intento 1/3: https://www.youtube.com/watch?v=th6QSI8PU7s
2026-08-01 13:31:31 | DEBUG    | download_manager_service.get_video_info | Obteniendo metadatos para: https://www.youtube.com/watch?v=th6QSI8PU7s
2026-08-01 13:31:32 | DEBUG    | download_manager_service.get_video_info | Metadatos obtenidos exitosamente para: La Delio Valdez y Ke Personajes - Adios Amor
2026-08-01 13:31:32 | INFO     | download_manager_service._download_with_retry | Descarga completada exitosamente: Q' Lokura, Angela Leiva - Yo Era - Pero Me Acuerdo De Ti #LunaPark.mp3
2026-08-01 13:31:32 | INFO     | download_manager_service._download_with_retry | Iniciando descarga (Audio (MP3), 320) - Intento 1/3: https://www.youtube.com/watch?v=JAfX5kZzKs4
2026-08-01 13:31:32 | DEBUG    | download_manager_service.get_video_info | Obteniendo metadatos para: https://www.youtube.com/watch?v=JAfX5kZzKs4
2026-08-01 13:31:33 | INFO     | download_manager_service._download_with_retry | Descarga completada exitosamente: El Potro Rodrigo - Ocho Cuarenta (840) - Video Lyric.mp3
2026-08-01 13:31:33 | INFO     | download_manager_service._download_with_retry | Iniciando descarga (Audio (MP3), 320) - Intento 1/3: https://www.youtube.com/watch?v=LXFL5mdfP40
2026-08-01 13:31:33 | DEBUG    | download_manager_service.get_video_info | Obteniendo metadatos para: https://www.youtube.com/watch?v=LXFL5mdfP40
2026-08-01 13:31:33 | INFO     | download_manager_service._download_with_retry | Descarga completada exitosamente: La Konga, Sergio Dalma - YO NO TE PIDO LA LUNA.mp3
2026-08-01 13:31:33 | INFO     | download_manager_service._download_with_retry | Iniciando descarga (Audio (MP3), 320) - Intento 1/3: https://www.youtube.com/watch?v=9eW5zIOCjOw
2026-08-01 13:31:33 | DEBUG    | download_manager_service.get_video_info | Obteniendo metadatos para: https://www.youtube.com/watch?v=9eW5zIOCjOw
2026-08-01 13:31:34 | DEBUG    | download_manager_service.get_video_info | Metadatos obtenidos exitosamente para: LA DELIO VALDEZ - Karina -  Abel Pintos - Paisaje
2026-08-01 13:31:34 | DEBUG    | download_manager_service.get_video_info | Metadatos obtenidos exitosamente para: Los autenticos decadentes ft. Julieta Venegas - No me importa el dinero (video oficial) 1080 HD
2026-08-01 13:31:35 | DEBUG    | download_manager_service.get_video_info | Metadatos obtenidos exitosamente para: *LAMENTO BOLIVIANO* - ENANITOS VERDES - 1994
2026-08-01 13:31:41 | INFO     | download_manager_service._download_with_retry | Descarga completada exitosamente: La Delio Valdez y Ke Personajes - Adios Amor.mp3
2026-08-01 13:31:41 | INFO     | download_manager_service._download_with_retry | Iniciando descarga (Audio (MP3), 320) - Intento 1/3: https://www.youtube.com/watch?v=eVLxHS4oZ_0
2026-08-01 13:31:41 | DEBUG    | download_manager_service.get_video_info | Obteniendo metadatos para: https://www.youtube.com/watch?v=eVLxHS4oZ_0
2026-08-01 13:31:43 | INFO     | download_manager_service._download_with_retry | Descarga completada exitosamente: LAMENTO BOLIVIANO - ENANITOS VERDES - 1994.mp3
2026-08-01 13:31:43 | INFO     | download_manager_service._download_with_retry | Iniciando descarga (Audio (MP3), 320) - Intento 1/3: https://www.youtube.com/watch?v=2ZK1CT_FS3w
2026-08-01 13:31:43 | DEBUG    | download_manager_service.get_video_info | Obteniendo metadatos para: https://www.youtube.com/watch?v=2ZK1CT_FS3w
2026-08-01 13:31:43 | DEBUG    | download_manager_service.get_video_info | Metadatos obtenidos exitosamente para: Tan Solo
2026-08-01 13:31:43 | INFO     | download_manager_service._download_with_retry | Descarga completada exitosamente: Los autenticos decadentes ft. Julieta Venegas - No me importa el dinero (video oficial) 1080 HD.mp3
2026-08-01 13:31:43 | INFO     | download_manager_service._download_with_retry | Iniciando descarga (Audio (MP3), 320) - Intento 1/3: https://www.youtube.com/watch?v=OiH9p4SAbZU
2026-08-01 13:31:43 | DEBUG    | download_manager_service.get_video_info | Obteniendo metadatos para: https://www.youtube.com/watch?v=OiH9p4SAbZU
2026-08-01 13:31:43 | INFO     | download_manager_service._download_with_retry | Descarga completada exitosamente: LA DELIO VALDEZ - Karina - Abel Pintos - Paisaje.mp3
2026-08-01 13:31:43 | INFO     | download_manager_service._download_with_retry | Iniciando descarga (Audio (MP3), 320) - Intento 1/3: https://www.youtube.com/watch?v=iX1p4PbVomk
2026-08-01 13:31:43 | DEBUG    | download_manager_service.get_video_info | Obteniendo metadatos para: https://www.youtube.com/watch?v=iX1p4PbVomk
2026-08-01 13:31:44 | DEBUG    | download_manager_service.get_video_info | Metadatos obtenidos exitosamente para: Ciro y Los Persas | Tan Solo | Cosquín Rock Online
2026-08-01 13:31:45 | DEBUG    | download_manager_service.get_video_info | Metadatos obtenidos exitosamente para: Guasones - Me estas tratando mal (video oficial)
2026-08-01 13:31:45 | DEBUG    | download_manager_service.get_video_info | Metadatos obtenidos exitosamente para: La Beriso TV - La Beriso - Creyendo (Videoclip Oficial)
2026-08-01 13:31:45 | INFO     | download_manager_service._download_with_retry | Descarga completada exitosamente: Luciano Pereyra, Los Ángeles Azules - Una Mujer Como Tú.mp3
2026-08-01 13:31:45 | INFO     | download_manager_service._download_with_retry | Iniciando descarga (Audio (MP3), 320) - Intento 1/3: https://www.youtube.com/watch?v=ByIM7sxL69o
2026-08-01 13:31:45 | DEBUG    | download_manager_service.get_video_info | Obteniendo metadatos para: https://www.youtube.com/watch?v=ByIM7sxL69o
2026-08-01 13:31:47 | DEBUG    | download_manager_service.get_video_info | Metadatos obtenidos exitosamente para: La Beriso - Échame a Mi la Culpa (Official Audio)
2026-08-01 13:31:51 | INFO     | download_manager_service._download_with_retry | Descarga completada exitosamente: Tan Solo.mp3
2026-08-01 13:31:51 | INFO     | download_manager_service._download_with_retry | Iniciando descarga (Audio (MP3), 320) - Intento 1/3: https://www.youtube.com/watch?v=8z37Pi6sDi4
2026-08-01 13:31:51 | DEBUG    | download_manager_service.get_video_info | Obteniendo metadatos para: https://www.youtube.com/watch?v=8z37Pi6sDi4
2026-08-01 13:31:52 | INFO     | download_manager_service._download_with_retry | Descarga completada exitosamente: Guasones - Me estas tratando mal (video oficial).mp3
2026-08-01 13:31:52 | INFO     | download_manager_service._download_with_retry | Iniciando descarga (Audio (MP3), 320) - Intento 1/3: https://www.youtube.com/watch?v=-n7G5Dqb3UM
2026-08-01 13:31:52 | DEBUG    | download_manager_service.get_video_info | Obteniendo metadatos para: https://www.youtube.com/watch?v=-n7G5Dqb3UM
2026-08-01 13:31:53 | DEBUG    | download_manager_service.get_video_info | Metadatos obtenidos exitosamente para: AHYRE - SI TE VAS (Video Oficial)
2026-08-01 13:31:53 | INFO     | download_manager_service._download_with_retry | Descarga completada exitosamente: La Beriso TV - La Beriso - Creyendo (Videoclip Oficial).mp3
2026-08-01 13:31:53 | INFO     | download_manager_service._download_with_retry | Iniciando descarga (Audio (MP3), 320) - Intento 1/3: https://www.youtube.com/watch?v=XeDupvD6sos
2026-08-01 13:31:53 | DEBUG    | download_manager_service.get_video_info | Obteniendo metadatos para: https://www.youtube.com/watch?v=XeDupvD6sos
2026-08-01 13:31:54 | DEBUG    | download_manager_service.get_video_info | Metadatos obtenidos exitosamente para: Abel Pintos - Sin Principio Ni Final (Official Video)
2026-08-01 13:31:54 | DEBUG    | download_manager_service.get_video_info | Metadatos obtenidos exitosamente para: Gustavo Cerati - Lago En El Cielo (En Vivo Estadio Obras)
2026-08-01 13:31:54 | INFO     | download_manager_service._download_with_retry | Descarga completada exitosamente: Ciro y Los Persas Tan Solo Cosquín Rock Online.mp3
2026-08-01 13:31:54 | INFO     | download_manager_service._download_with_retry | Iniciando descarga (Audio (MP3), 320) - Intento 1/3: https://www.youtube.com/watch?v=VhQr8pjYdDQ
2026-08-01 13:31:54 | DEBUG    | download_manager_service.get_video_info | Obteniendo metadatos para: https://www.youtube.com/watch?v=VhQr8pjYdDQ
2026-08-01 13:31:55 | INFO     | download_manager_service._download_with_retry | Descarga completada exitosamente: La Beriso - Échame a Mi la Culpa (Official Audio).mp3
2026-08-01 13:31:55 | INFO     | download_manager_service._download_with_retry | Iniciando descarga (Audio (MP3), 320) - Intento 1/3: https://www.youtube.com/watch?v=LTIIM_g-HtQ
2026-08-01 13:31:55 | DEBUG    | download_manager_service.get_video_info | Obteniendo metadatos para: https://www.youtube.com/watch?v=LTIIM_g-HtQ
2026-08-01 13:31:56 | DEBUG    | download_manager_service.get_video_info | Metadatos obtenidos exitosamente para: El infierno está encantador esta noche - Estadio Único de La Plata -Indio en Concierto [2008] FullHD
2026-08-01 13:31:56 | DEBUG    | download_manager_service.get_video_info | Metadatos obtenidos exitosamente para: Gustavo Cerati - Puente (En Vivo en Monterrey)
2026-08-01 13:32:01 | INFO     | download_manager_service._download_with_retry | Descarga completada exitosamente: Abel Pintos - Sin Principio Ni Final (Official Video).mp3
2026-08-01 13:32:01 | INFO     | download_manager_service._download_with_retry | Iniciando descarga (Audio (MP3), 320) - Intento 1/3: https://www.youtube.com/watch?v=dY8tHiMUp8w
2026-08-01 13:32:01 | DEBUG    | download_manager_service.get_video_info | Obteniendo metadatos para: https://www.youtube.com/watch?v=dY8tHiMUp8w
2026-08-01 13:32:03 | INFO     | download_manager_service._download_with_retry | Descarga completada exitosamente: AHYRE - SI TE VAS (Video Oficial).mp3
2026-08-01 13:32:03 | INFO     | download_manager_service._download_with_retry | Iniciando descarga (Audio (MP3), 320) - Intento 1/3: https://www.youtube.com/watch?v=e5egGC28OcY
2026-08-01 13:32:03 | DEBUG    | download_manager_service.get_video_info | Obteniendo metadatos para: https://www.youtube.com/watch?v=e5egGC28OcY
2026-08-01 13:32:03 | DEBUG    | download_manager_service.get_video_info | Metadatos obtenidos exitosamente para: La Beriso - Flores (En Vivo)
2026-08-01 13:32:04 | DEBUG    | download_manager_service.get_video_info | Metadatos obtenidos exitosamente para: Ciro y Los Persas | Antes y Después (En Vivo Estadio Ferro 2014)
2026-08-01 13:32:07 | INFO     | download_manager_service._download_with_retry | Descarga completada exitosamente: El infierno está encantador esta noche - Estadio Único de La Plata -Indio en Concierto [2008] FullHD.mp3
2026-08-01 13:32:07 | INFO     | download_manager_service._download_with_retry | Iniciando descarga (Audio (MP3), 320) - Intento 1/3: https://www.youtube.com/watch?v=QbYBlcZ32fY
2026-08-01 13:32:07 | DEBUG    | download_manager_service.get_video_info | Obteniendo metadatos para: https://www.youtube.com/watch?v=QbYBlcZ32fY
2026-08-01 13:32:08 | INFO     | download_manager_service._download_with_retry | Descarga completada exitosamente: Gustavo Cerati - Lago En El Cielo (En Vivo Estadio Obras).mp3
2026-08-01 13:32:08 | INFO     | download_manager_service._download_with_retry | Iniciando descarga (Audio (MP3), 320) - Intento 1/3: https://www.youtube.com/watch?v=t_8pqgA_3ac
2026-08-01 13:32:08 | DEBUG    | download_manager_service.get_video_info | Obteniendo metadatos para: https://www.youtube.com/watch?v=t_8pqgA_3ac
2026-08-01 13:32:08 | DEBUG    | download_manager_service.get_video_info | Metadatos obtenidos exitosamente para: Ruleta (En Vivo en River Plate)
2026-08-01 13:32:09 | INFO     | download_manager_service._download_with_retry | Descarga completada exitosamente: Gustavo Cerati - Puente (En Vivo en Monterrey).mp3
2026-08-01 13:32:09 | INFO     | download_manager_service._download_with_retry | Iniciando descarga (Audio (MP3), 320) - Intento 1/3: https://www.youtube.com/watch?v=udiQTRy9rCk
2026-08-01 13:32:09 | DEBUG    | download_manager_service.get_video_info | Obteniendo metadatos para: https://www.youtube.com/watch?v=udiQTRy9rCk
2026-08-01 13:32:10 | DEBUG    | download_manager_service.get_video_info | Metadatos obtenidos exitosamente para: Callejeros - Imposible (En Vivo Obras)
2026-08-01 13:32:11 | DEBUG    | download_manager_service.get_video_info | Metadatos obtenidos exitosamente para: Los Caligaris - Basural (AUDIO)
2026-08-01 13:32:15 | INFO     | download_manager_service._download_with_retry | Descarga completada exitosamente: Ciro y Los Persas Antes y Después (En Vivo Estadio Ferro 2014).mp3
2026-08-01 13:32:15 | INFO     | download_manager_service._download_with_retry | Iniciando descarga (Audio (MP3), 320) - Intento 1/3: https://www.youtube.com/watch?v=LpMVlqIgzQ8
2026-08-01 13:32:15 | DEBUG    | download_manager_service.get_video_info | Obteniendo metadatos para: https://www.youtube.com/watch?v=LpMVlqIgzQ8
2026-08-01 13:32:16 | DEBUG    | download_manager_service.get_video_info | Metadatos obtenidos exitosamente para: Tres Mujeres y Ella
2026-08-01 13:32:17 | INFO     | download_manager_service._download_with_retry | Descarga completada exitosamente: La Beriso - Flores (En Vivo).mp3
2026-08-01 13:32:17 | INFO     | download_manager_service._download_with_retry | Iniciando descarga (Audio (MP3), 320) - Intento 1/3: https://www.youtube.com/watch?v=m5uQ5PN0KNo
2026-08-01 13:32:17 | DEBUG    | download_manager_service.get_video_info | Obteniendo metadatos para: https://www.youtube.com/watch?v=m5uQ5PN0KNo
2026-08-01 13:32:18 | INFO     | download_manager_service._download_with_retry | Descarga completada exitosamente: Ruleta (En Vivo en River Plate).mp3
2026-08-01 13:32:18 | INFO     | download_manager_service._download_with_retry | Iniciando descarga (Audio (MP3), 320) - Intento 1/3: https://www.youtube.com/watch?v=rWOv8wnKGXU
2026-08-01 13:32:18 | DEBUG    | download_manager_service.get_video_info | Obteniendo metadatos para: https://www.youtube.com/watch?v=rWOv8wnKGXU
2026-08-01 13:32:19 | INFO     | download_manager_service._download_with_retry | Descarga completada exitosamente: Callejeros - Imposible (En Vivo Obras).mp3
2026-08-01 13:32:19 | INFO     | download_manager_service._download_with_retry | Iniciando descarga (Audio (MP3), 320) - Intento 1/3: https://www.youtube.com/watch?v=EgMB1FOGcXw
2026-08-01 13:32:19 | DEBUG    | download_manager_service.get_video_info | Obteniendo metadatos para: https://www.youtube.com/watch?v=EgMB1FOGcXw
2026-08-01 13:32:19 | DEBUG    | download_manager_service.get_video_info | Metadatos obtenidos exitosamente para: Guasones ft. Beto Olguin - Pasan las horas (AUDIO)
2026-08-01 13:32:20 | DEBUG    | download_manager_service.get_video_info | Metadatos obtenidos exitosamente para: La Beriso TV - La Beriso - Cordura (Video Oficial)
2026-08-01 13:32:20 | DEBUG    | download_manager_service.get_video_info | Metadatos obtenidos exitosamente para: La Beriso TV - La Beriso - Cansada (Video Oficial)
2026-08-01 13:32:23 | INFO     | download_manager_service._download_with_retry | Descarga completada exitosamente: Tres Mujeres y Ella.mp3
2026-08-01 13:32:23 | INFO     | download_manager_service._download_with_retry | Iniciando descarga (Audio (MP3), 320) - Intento 1/3: https://www.youtube.com/watch?v=0ML7xBP6Br4
2026-08-01 13:32:23 | DEBUG    | download_manager_service.get_video_info | Obteniendo metadatos para: https://www.youtube.com/watch?v=0ML7xBP6Br4
2026-08-01 13:32:25 | DEBUG    | download_manager_service.get_video_info | Metadatos obtenidos exitosamente para: Todo Pasa
2026-08-01 13:32:27 | INFO     | download_manager_service._download_with_retry | Descarga completada exitosamente: La Beriso TV - La Beriso - Cordura (Video Oficial).mp3
2026-08-01 13:32:27 | INFO     | download_manager_service._download_with_retry | Iniciando descarga (Audio (MP3), 320) - Intento 1/3: https://www.youtube.com/watch?v=AdOGKc0Lm54
2026-08-01 13:32:27 | DEBUG    | download_manager_service.get_video_info | Obteniendo metadatos para: https://www.youtube.com/watch?v=AdOGKc0Lm54
2026-08-01 13:32:28 | INFO     | download_manager_service._download_with_retry | Descarga completada exitosamente: Guasones ft. Beto Olguin - Pasan las horas (AUDIO).mp3
2026-08-01 13:32:28 | INFO     | download_manager_service._download_with_retry | Iniciando descarga (Audio (MP3), 320) - Intento 1/3: https://www.youtube.com/watch?v=5HAM--M3UCY
2026-08-01 13:32:28 | DEBUG    | download_manager_service.get_video_info | Obteniendo metadatos para: https://www.youtube.com/watch?v=5HAM--M3UCY
2026-08-01 13:32:29 | DEBUG    | download_manager_service.get_video_info | Metadatos obtenidos exitosamente para: Sueño (Letra / Lyric) - Callejeros
2026-08-01 13:32:29 | INFO     | download_manager_service._download_with_retry | Descarga completada exitosamente: La Beriso TV - La Beriso - Cansada (Video Oficial).mp3
2026-08-01 13:32:29 | INFO     | download_manager_service._download_with_retry | Iniciando descarga (Audio (MP3), 320) - Intento 1/3: https://www.youtube.com/watch?v=phgewDI_MaI
2026-08-01 13:32:29 | DEBUG    | download_manager_service.get_video_info | Obteniendo metadatos para: https://www.youtube.com/watch?v=phgewDI_MaI
2026-08-01 13:32:29 | DEBUG    | download_manager_service.get_video_info | Metadatos obtenidos exitosamente para: Los Fabulosos Cadillacs - Siguiendo La Luna (En Vivo en Theater at Madison Square Garden)
2026-08-01 13:32:30 | DEBUG    | download_manager_service.get_video_info | Metadatos obtenidos exitosamente para: DIVIDIDOS - Sisters - Vivo Acá
2026-08-01 13:32:34 | INFO     | download_manager_service._download_with_retry | Descarga completada exitosamente: Todo Pasa.mp3
2026-08-01 13:32:34 | INFO     | download_manager_service._download_with_retry | Iniciando descarga (Audio (MP3), 320) - Intento 1/3: https://www.youtube.com/watch?v=Kz1zuq2BwYY
2026-08-01 13:32:34 | DEBUG    | download_manager_service.get_video_info | Obteniendo metadatos para: https://www.youtube.com/watch?v=Kz1zuq2BwYY
2026-08-01 13:32:35 | DEBUG    | download_manager_service.get_video_info | Metadatos obtenidos exitosamente para: Abel Pintos - Aventura (En Vivo Estadio River Plate) ft. Marcela Morelo
2026-08-01 13:32:38 | INFO     | download_manager_service._download_with_retry | Descarga completada exitosamente: Sueño (Letra Lyric) - Callejeros.mp3
2026-08-01 13:32:38 | INFO     | download_manager_service._download_with_retry | Iniciando descarga (Audio (MP3), 320) - Intento 1/3: https://www.youtube.com/watch?v=Z_AxA7pW1DQ
2026-08-01 13:32:38 | DEBUG    | download_manager_service.get_video_info | Obteniendo metadatos para: https://www.youtube.com/watch?v=Z_AxA7pW1DQ
2026-08-01 13:32:39 | INFO     | download_manager_service._download_with_retry | Descarga completada exitosamente: Los Fabulosos Cadillacs - Siguiendo La Luna (En Vivo en Theater at Madison Square Garden).mp3
2026-08-01 13:32:39 | INFO     | download_manager_service._download_with_retry | Iniciando descarga (Audio (MP3), 320) - Intento 1/3: https://www.youtube.com/watch?v=GJCbrtedP08
2026-08-01 13:32:39 | DEBUG    | download_manager_service.get_video_info | Obteniendo metadatos para: https://www.youtube.com/watch?v=GJCbrtedP08
2026-08-01 13:32:39 | DEBUG    | download_manager_service.get_video_info | Metadatos obtenidos exitosamente para: Luciano Pereyra - Enseñame A Vivir Sin Ti (Live At Vélez Argentina / 2018) ft. Soledad
2026-08-01 13:32:40 | DEBUG    | download_manager_service.get_video_info | Metadatos obtenidos exitosamente para: Abel Pintos - Oncemil (En Vivo Estadio River Plate) ft. Malú
2026-08-01 13:32:44 | INFO     | download_manager_service._download_with_retry | Descarga completada exitosamente: Abel Pintos - Aventura (En Vivo Estadio River Plate) ft. Marcela Morelo.mp3
2026-08-01 13:32:44 | INFO     | download_manager_service._download_with_retry | Iniciando descarga (Audio (MP3), 320) - Intento 1/3: https://www.youtube.com/watch?v=XRLo8qVNreo
2026-08-01 13:32:44 | DEBUG    | download_manager_service.get_video_info | Obteniendo metadatos para: https://www.youtube.com/watch?v=XRLo8qVNreo
2026-08-01 13:32:45 | DEBUG    | download_manager_service.get_video_info | Metadatos obtenidos exitosamente para: Abel Pintos - Como Te Extraño (En Vivo Estadio River Plate)
2026-08-01 13:32:47 | INFO     | download_manager_service._download_with_retry | Descarga completada exitosamente: Luciano Pereyra - Enseñame A Vivir Sin Ti (Live At Vélez Argentina 2018) ft. Soledad.mp3
2026-08-01 13:32:47 | INFO     | download_manager_service._download_with_retry | Iniciando descarga (Audio (MP3), 320) - Intento 1/3: https://www.youtube.com/watch?v=G8GmJLAfl5o
2026-08-01 13:32:47 | DEBUG    | download_manager_service.get_video_info | Obteniendo metadatos para: https://www.youtube.com/watch?v=G8GmJLAfl5o
2026-08-01 13:32:47 | INFO     | download_manager_service._download_with_retry | Descarga completada exitosamente: Abel Pintos - Oncemil (En Vivo Estadio River Plate) ft. Malú.mp3
2026-08-01 13:32:47 | INFO     | download_manager_service._download_with_retry | Iniciando descarga (Audio (MP3), 320) - Intento 1/3: https://www.youtube.com/watch?v=BTTEwWQX590
2026-08-01 13:32:47 | DEBUG    | download_manager_service.get_video_info | Obteniendo metadatos para: https://www.youtube.com/watch?v=BTTEwWQX590
2026-08-01 13:32:48 | DEBUG    | download_manager_service.get_video_info | Metadatos obtenidos exitosamente para: Abel Pintos - Motivos (En Vivo Estadio Único)
2026-08-01 13:32:49 | DEBUG    | download_manager_service.get_video_info | Metadatos obtenidos exitosamente para: Ando Ganas (Llora Llora)
2026-08-01 13:32:54 | INFO     | download_manager_service._download_with_retry | Descarga completada exitosamente: Abel Pintos - Como Te Extraño (En Vivo Estadio River Plate).mp3
2026-08-01 13:32:54 | INFO     | download_manager_service._download_with_retry | Iniciando descarga (Audio (MP3), 320) - Intento 1/3: https://www.youtube.com/watch?v=6Zwdy2v-ajw
2026-08-01 13:32:54 | DEBUG    | download_manager_service.get_video_info | Obteniendo metadatos para: https://www.youtube.com/watch?v=6Zwdy2v-ajw
2026-08-01 13:32:54 | INFO     | download_manager_service._download_with_retry | Descarga completada exitosamente: Abel Pintos - Motivos (En Vivo Estadio Único).mp3
2026-08-01 13:32:54 | INFO     | download_manager_service._download_with_retry | Iniciando descarga (Audio (MP3), 320) - Intento 1/3: https://www.youtube.com/watch?v=GoMg-IUetzk
2026-08-01 13:32:54 | DEBUG    | download_manager_service.get_video_info | Obteniendo metadatos para: https://www.youtube.com/watch?v=GoMg-IUetzk
2026-08-01 13:32:55 | DEBUG    | download_manager_service.get_video_info | Metadatos obtenidos exitosamente para: los perros- Bajo la rambla
2026-08-01 13:32:56 | DEBUG    | download_manager_service.get_video_info | Metadatos obtenidos exitosamente para: Hacelo por Mí
2026-08-01 13:32:56 | WARNING  | download_manager_service._download_with_retry | Intento 1 fallido para https://www.youtube.com/watch?v=6Zwdy2v-ajw. Error: [0;31mERROR:[0m unable to download video data: HTTP Error 403: Forbidden
2026-08-01 13:32:56 | INFO     | download_manager_service._download_with_retry | Degradando calidad a 320 para el siguiente intento.
2026-08-01 13:32:58 | INFO     | download_manager_service._download_with_retry | Descarga completada exitosamente: Ando Ganas (Llora Llora).mp3
2026-08-01 13:32:58 | INFO     | download_manager_service._download_with_retry | Iniciando descarga (Audio (MP3), 320) - Intento 1/3: https://www.youtube.com/watch?v=9UXx5e3ugT4
2026-08-01 13:32:58 | DEBUG    | download_manager_service.get_video_info | Obteniendo metadatos para: https://www.youtube.com/watch?v=9UXx5e3ugT4
2026-08-01 13:32:58 | INFO     | download_manager_service._download_with_retry | Iniciando descarga (Audio (MP3), 320) - Intento 2/3: https://www.youtube.com/watch?v=6Zwdy2v-ajw
2026-08-01 13:32:58 | DEBUG    | download_manager_service.get_video_info | Obteniendo metadatos para: https://www.youtube.com/watch?v=6Zwdy2v-ajw
2026-08-01 13:32:59 | DEBUG    | download_manager_service.get_video_info | Metadatos obtenidos exitosamente para: Tirá para Arriba
2026-08-01 13:32:59 | DEBUG    | download_manager_service.get_video_info | Metadatos obtenidos exitosamente para: los perros- Bajo la rambla
2026-08-01 13:33:00 | INFO     | download_manager_service._download_with_retry | Descarga completada exitosamente: Los Caligaris - Basural (AUDIO).mp3
2026-08-01 13:33:00 | INFO     | download_manager_service._download_with_retry | Iniciando descarga (Audio (MP3), 320) - Intento 1/3: https://www.youtube.com/watch?v=w5KfuMNFAxU
2026-08-01 13:33:00 | DEBUG    | download_manager_service.get_video_info | Obteniendo metadatos para: https://www.youtube.com/watch?v=w5KfuMNFAxU
2026-08-01 13:33:01 | DEBUG    | download_manager_service.get_video_info | Metadatos obtenidos exitosamente para: La Renga - Cuando Estés Acá
2026-08-01 13:33:03 | INFO     | download_manager_service._download_with_retry | Descarga completada exitosamente: Hacelo por Mí.mp3
2026-08-01 13:33:03 | INFO     | download_manager_service._download_with_retry | Iniciando descarga (Audio (MP3), 320) - Intento 1/3: https://www.youtube.com/watch?v=fTwDPFZfppg
2026-08-01 13:33:03 | DEBUG    | download_manager_service.get_video_info | Obteniendo metadatos para: https://www.youtube.com/watch?v=fTwDPFZfppg
2026-08-01 13:33:04 | DEBUG    | download_manager_service.get_video_info | Metadatos obtenidos exitosamente para: Diez años después
2026-08-01 13:33:05 | INFO     | download_manager_service._download_with_retry | Descarga completada exitosamente: los perros- Bajo la rambla.mp3
2026-08-01 13:33:05 | INFO     | download_manager_service._download_with_retry | Iniciando descarga (Audio (MP3), 320) - Intento 1/3: https://www.youtube.com/watch?v=RI6KCHRy67c
2026-08-01 13:33:05 | DEBUG    | download_manager_service.get_video_info | Obteniendo metadatos para: https://www.youtube.com/watch?v=RI6KCHRy67c
2026-08-01 13:33:05 | WARNING  | download_manager_service._download_with_retry | Intento 1 fallido para https://www.youtube.com/watch?v=fTwDPFZfppg. Error: [0;31mERROR:[0m unable to download video data: HTTP Error 403: Forbidden
2026-08-01 13:33:05 | INFO     | download_manager_service._download_with_retry | Degradando calidad a 320 para el siguiente intento.
2026-08-01 13:33:06 | DEBUG    | download_manager_service.get_video_info | Metadatos obtenidos exitosamente para: Puesto - Babasonicos
2026-08-01 13:33:07 | INFO     | download_manager_service._download_with_retry | Iniciando descarga (Audio (MP3), 320) - Intento 2/3: https://www.youtube.com/watch?v=fTwDPFZfppg
2026-08-01 13:33:07 | DEBUG    | download_manager_service.get_video_info | Obteniendo metadatos para: https://www.youtube.com/watch?v=fTwDPFZfppg
2026-08-01 13:33:08 | DEBUG    | download_manager_service.get_video_info | Metadatos obtenidos exitosamente para: Diez años después
2026-08-01 13:33:09 | INFO     | download_manager_service._download_with_retry | Descarga completada exitosamente: La Renga - Cuando Estés Acá.mp3
2026-08-01 13:33:09 | INFO     | download_manager_service._download_with_retry | Iniciando descarga (Audio (MP3), 320) - Intento 1/3: https://www.youtube.com/watch?v=V419yO6FeIU
2026-08-01 13:33:09 | DEBUG    | download_manager_service.get_video_info | Obteniendo metadatos para: https://www.youtube.com/watch?v=V419yO6FeIU
2026-08-01 13:33:10 | WARNING  | download_manager_service._download_with_retry | Intento 2 fallido para https://www.youtube.com/watch?v=fTwDPFZfppg. Error: [0;31mERROR:[0m unable to download video data: HTTP Error 403: Forbidden
2026-08-01 13:33:10 | INFO     | download_manager_service._download_with_retry | Degradando calidad a 320 para el siguiente intento.
2026-08-01 13:33:11 | DEBUG    | download_manager_service.get_video_info | Metadatos obtenidos exitosamente para: Tan Bionica - Ciudad Mágica
2026-08-01 13:33:12 | INFO     | download_manager_service._download_with_retry | Iniciando descarga (Audio (MP3), 320) - Intento 3/3: https://www.youtube.com/watch?v=fTwDPFZfppg
2026-08-01 13:33:12 | DEBUG    | download_manager_service.get_video_info | Obteniendo metadatos para: https://www.youtube.com/watch?v=fTwDPFZfppg
2026-08-01 13:33:12 | INFO     | download_manager_service._download_with_retry | Descarga completada exitosamente: Tirá para Arriba.mp3
2026-08-01 13:33:12 | INFO     | download_manager_service._download_with_retry | Iniciando descarga (Audio (MP3), 320) - Intento 1/3: https://www.youtube.com/watch?v=gPfBKoKzf-8
2026-08-01 13:33:12 | DEBUG    | download_manager_service.get_video_info | Obteniendo metadatos para: https://www.youtube.com/watch?v=gPfBKoKzf-8
2026-08-01 13:33:13 | INFO     | download_manager_service._download_with_retry | Descarga completada exitosamente: Puesto - Babasonicos.mp3
2026-08-01 13:33:13 | INFO     | download_manager_service._download_with_retry | Iniciando descarga (Audio (MP3), 320) - Intento 1/3: https://www.youtube.com/watch?v=MoTQtXpBE5s
2026-08-01 13:33:13 | DEBUG    | download_manager_service.get_video_info | Obteniendo metadatos para: https://www.youtube.com/watch?v=MoTQtXpBE5s
2026-08-01 13:33:13 | DEBUG    | download_manager_service.get_video_info | Metadatos obtenidos exitosamente para: Diez años después
2026-08-01 13:33:14 | DEBUG    | download_manager_service.get_video_info | Metadatos obtenidos exitosamente para: Tan Bionica - Ella
2026-08-01 13:33:14 | DEBUG    | download_manager_service.get_video_info | Metadatos obtenidos exitosamente para: La Beriso TV - La Beriso - De ronda
2026-08-01 13:33:18 | INFO     | download_manager_service._download_with_retry | Descarga completada exitosamente: Tan Bionica - Ciudad Mágica.mp3
2026-08-01 13:33:18 | INFO     | download_manager_service._download_with_retry | Iniciando descarga (Audio (MP3), 320) - Intento 1/3: https://www.youtube.com/watch?v=yEJwEWVeY9E
2026-08-01 13:33:18 | DEBUG    | download_manager_service.get_video_info | Obteniendo metadatos para: https://www.youtube.com/watch?v=yEJwEWVeY9E
2026-08-01 13:33:19 | DEBUG    | download_manager_service.get_video_info | Metadatos obtenidos exitosamente para: Dale Q' Va - El Embrujo Feat Américo
2026-08-01 13:33:20 | INFO     | download_manager_service._download_with_retry | Descarga completada exitosamente: DIVIDIDOS - Sisters - Vivo Acá.mp3
2026-08-01 13:33:20 | INFO     | download_manager_service._download_with_retry | Iniciando descarga (Audio (MP3), 320) - Intento 1/3: https://www.youtube.com/watch?v=2njWiQItclQ
2026-08-01 13:33:20 | DEBUG    | download_manager_service.get_video_info | Obteniendo metadatos para: https://www.youtube.com/watch?v=2njWiQItclQ
2026-08-01 13:33:20 | INFO     | download_manager_service._download_with_retry | Descarga completada exitosamente: Tan Bionica - Ella.mp3
2026-08-01 13:33:20 | INFO     | download_manager_service._download_with_retry | Iniciando descarga (Audio (MP3), 320) - Intento 1/3: https://www.youtube.com/watch?v=kXFBcuH_254
2026-08-01 13:33:20 | DEBUG    | download_manager_service.get_video_info | Obteniendo metadatos para: https://www.youtube.com/watch?v=kXFBcuH_254
2026-08-01 13:33:20 | INFO     | download_manager_service._download_with_retry | Descarga completada exitosamente: Diez años después.mp3
2026-08-01 13:33:20 | INFO     | download_manager_service._download_with_retry | Iniciando descarga (Audio (MP3), 320) - Intento 1/3: https://www.youtube.com/watch?v=oNc1WFmpTn4
2026-08-01 13:33:20 | DEBUG    | download_manager_service.get_video_info | Obteniendo metadatos para: https://www.youtube.com/watch?v=oNc1WFmpTn4
2026-08-01 13:33:21 | DEBUG    | download_manager_service.get_video_info | Metadatos obtenidos exitosamente para: El Plan de la Mariposa - El Cantar de los Anzuelos
2026-08-01 13:33:21 | DEBUG    | download_manager_service.get_video_info | Metadatos obtenidos exitosamente para: Enanitos Verdes - Luz De Dia (Audio)
2026-08-01 13:33:22 | DEBUG    | download_manager_service.get_video_info | Metadatos obtenidos exitosamente para: Guasones - 100 años (AUDIO)
2026-08-01 13:33:27 | INFO     | download_manager_service._download_with_retry | Descarga completada exitosamente: Dale Q' Va - El Embrujo Feat Américo.mp3
2026-08-01 13:33:27 | INFO     | download_manager_service._download_with_retry | Iniciando descarga (Audio (MP3), 320) - Intento 1/3: https://www.youtube.com/watch?v=FqJJPM07Wwc
2026-08-01 13:33:27 | DEBUG    | download_manager_service.get_video_info | Obteniendo metadatos para: https://www.youtube.com/watch?v=FqJJPM07Wwc
2026-08-01 13:33:28 | DEBUG    | download_manager_service.get_video_info | Metadatos obtenidos exitosamente para: La 25 - Solo voy (AUDIO)
2026-08-01 13:33:29 | INFO     | download_manager_service._download_with_retry | Descarga completada exitosamente: El Plan de la Mariposa - El Cantar de los Anzuelos.mp3
2026-08-01 13:33:29 | INFO     | download_manager_service._download_with_retry | Iniciando descarga (Audio (MP3), 320) - Intento 1/3: https://www.youtube.com/watch?v=lB-CsLVyQrA
2026-08-01 13:33:29 | DEBUG    | download_manager_service.get_video_info | Obteniendo metadatos para: https://www.youtube.com/watch?v=lB-CsLVyQrA
2026-08-01 13:33:30 | INFO     | download_manager_service._download_with_retry | Descarga completada exitosamente: Enanitos Verdes - Luz De Dia (Audio).mp3
2026-08-01 13:33:30 | INFO     | download_manager_service._download_with_retry | Iniciando descarga (Audio (MP3), 320) - Intento 1/3: https://www.youtube.com/watch?v=IcQyTDjXqwo
2026-08-01 13:33:30 | DEBUG    | download_manager_service.get_video_info | Obteniendo metadatos para: https://www.youtube.com/watch?v=IcQyTDjXqwo
2026-08-01 13:33:30 | DEBUG    | download_manager_service.get_video_info | Metadatos obtenidos exitosamente para: La Kermesse en Obras - Todo un palo (con Chino Laborde)
2026-08-01 13:33:31 | DEBUG    | download_manager_service.get_video_info | Metadatos obtenidos exitosamente para: Guasones - My love (AUDIO)
2026-08-01 13:33:35 | INFO     | download_manager_service._download_with_retry | Descarga completada exitosamente: La 25 - Solo voy (AUDIO).mp3
2026-08-01 13:33:35 | INFO     | download_manager_service._download_with_retry | Iniciando descarga (Audio (MP3), 320) - Intento 1/3: https://www.youtube.com/watch?v=D7teP9SjBSw
2026-08-01 13:33:35 | DEBUG    | download_manager_service.get_video_info | Obteniendo metadatos para: https://www.youtube.com/watch?v=D7teP9SjBSw
2026-08-01 13:33:36 | DEBUG    | download_manager_service.get_video_info | Metadatos obtenidos exitosamente para: No Te Va Gustar - El Oficial (En Vivo En Argentina)
2026-08-01 13:33:39 | INFO     | download_manager_service._download_with_retry | Descarga completada exitosamente: La Kermesse en Obras - Todo un palo (con Chino Laborde).mp3
2026-08-01 13:33:39 | INFO     | download_manager_service._download_with_retry | Iniciando descarga (Audio (MP3), 320) - Intento 1/3: https://www.youtube.com/watch?v=i28sa4JZKLw
2026-08-01 13:33:39 | DEBUG    | download_manager_service.get_video_info | Obteniendo metadatos para: https://www.youtube.com/watch?v=i28sa4JZKLw
2026-08-01 13:33:39 | INFO     | download_manager_service._download_with_retry | Descarga completada exitosamente: Guasones - My love (AUDIO).mp3
2026-08-01 13:33:39 | INFO     | download_manager_service._download_with_retry | Iniciando descarga (Audio (MP3), 320) - Intento 1/3: https://www.youtube.com/watch?v=AiDPbPGeI9U
2026-08-01 13:33:39 | DEBUG    | download_manager_service.get_video_info | Obteniendo metadatos para: https://www.youtube.com/watch?v=AiDPbPGeI9U
2026-08-01 13:33:40 | DEBUG    | download_manager_service.get_video_info | Metadatos obtenidos exitosamente para: Los Tipitos - Una palabra (video oficial)
2026-08-01 13:33:40 | DEBUG    | download_manager_service.get_video_info | Metadatos obtenidos exitosamente para: La Beriso TV - La Beriso - Atorrantear
2026-08-01 13:33:43 | INFO     | download_manager_service._download_with_retry | Descarga completada exitosamente: No Te Va Gustar - El Oficial (En Vivo En Argentina).mp3
2026-08-01 13:33:43 | INFO     | download_manager_service._download_with_retry | Iniciando descarga (Audio (MP3), 320) - Intento 1/3: https://www.youtube.com/watch?v=A90RNjyqZ-A
2026-08-01 13:33:43 | DEBUG    | download_manager_service.get_video_info | Obteniendo metadatos para: https://www.youtube.com/watch?v=A90RNjyqZ-A
2026-08-01 13:33:44 | DEBUG    | download_manager_service.get_video_info | Metadatos obtenidos exitosamente para: Desde Arriba (Acústico en Vivo)
2026-08-01 13:33:47 | INFO     | download_manager_service._download_with_retry | Descarga completada exitosamente: Los Tipitos - Una palabra (video oficial).mp3
2026-08-01 13:33:47 | INFO     | download_manager_service._download_with_retry | Iniciando descarga (Audio (MP3), 320) - Intento 1/3: https://www.youtube.com/watch?v=Rq2X3enhuaQ
2026-08-01 13:33:47 | DEBUG    | download_manager_service.get_video_info | Obteniendo metadatos para: https://www.youtube.com/watch?v=Rq2X3enhuaQ
2026-08-01 13:33:48 | INFO     | download_manager_service._download_with_retry | Descarga completada exitosamente: La Beriso TV - La Beriso - Atorrantear.mp3
2026-08-01 13:33:48 | INFO     | download_manager_service._download_with_retry | Iniciando descarga (Audio (MP3), 320) - Intento 1/3: https://www.youtube.com/watch?v=O9RPUS0Q5tw
2026-08-01 13:33:48 | DEBUG    | download_manager_service.get_video_info | Obteniendo metadatos para: https://www.youtube.com/watch?v=O9RPUS0Q5tw
2026-08-01 13:33:49 | DEBUG    | download_manager_service.get_video_info | Metadatos obtenidos exitosamente para: 1 - Los Pérez García - Salud! - Los Años que Vivimos en Peligro  - En Vivo (Gran Rex)
2026-08-01 13:33:49 | DEBUG    | download_manager_service.get_video_info | Metadatos obtenidos exitosamente para: Hombres G, Enanitos Verdes - Voy a Pasármelo Bien (En Vivo)
2026-08-01 13:33:51 | INFO     | download_manager_service._download_with_retry | Descarga completada exitosamente: Desde Arriba (Acústico en Vivo).mp3
2026-08-01 13:33:51 | INFO     | download_manager_service._download_with_retry | Iniciando descarga (Audio (MP3), 320) - Intento 1/3: https://www.youtube.com/watch?v=obJ34OaNxHw
2026-08-01 13:33:51 | DEBUG    | download_manager_service.get_video_info | Obteniendo metadatos para: https://www.youtube.com/watch?v=obJ34OaNxHw
2026-08-01 13:33:52 | INFO     | download_manager_service._download_with_retry | Descarga completada exitosamente: La Beriso TV - La Beriso - De ronda.mp3
2026-08-01 13:33:52 | INFO     | download_manager_service._download_with_retry | Iniciando descarga (Audio (MP3), 320) - Intento 1/3: https://www.youtube.com/watch?v=n-5vMBhq7TA
2026-08-01 13:33:52 | DEBUG    | download_manager_service.get_video_info | Obteniendo metadatos para: https://www.youtube.com/watch?v=n-5vMBhq7TA
2026-08-01 13:33:52 | DEBUG    | download_manager_service.get_video_info | Metadatos obtenidos exitosamente para: El Plan De La Mariposa feat. Todo Aparenta Normal | Flor de Tilcara
2026-08-01 13:33:53 | DEBUG    | download_manager_service.get_video_info | Metadatos obtenidos exitosamente para: La Beriso - Cantemos (En Vivo)
2026-08-01 13:33:57 | INFO     | download_manager_service._download_with_retry | Descarga completada exitosamente: 1 - Los Pérez García - Salud! - Los Años que Vivimos en Peligro - En Vivo (Gran Rex).mp3
2026-08-01 13:33:57 | INFO     | download_manager_service._download_with_retry | Iniciando descarga (Audio (MP3), 320) - Intento 1/3: https://www.youtube.com/watch?v=ybv1rXK55G0
2026-08-01 13:33:57 | DEBUG    | download_manager_service.get_video_info | Obteniendo metadatos para: https://www.youtube.com/watch?v=ybv1rXK55G0
2026-08-01 13:33:58 | DEBUG    | download_manager_service.get_video_info | Metadatos obtenidos exitosamente para: La Vela Puerca - Ves (DVD "Festejar para sobrevivir, 20 Años")
2026-08-01 13:33:59 | INFO     | download_manager_service._download_with_retry | Descarga completada exitosamente: Hombres G, Enanitos Verdes - Voy a Pasármelo Bien (En Vivo).mp3
2026-08-01 13:33:59 | INFO     | download_manager_service._download_with_retry | Iniciando descarga (Audio (MP3), 320) - Intento 1/3: https://www.youtube.com/watch?v=oeeVbQiNj8A
2026-08-01 13:33:59 | DEBUG    | download_manager_service.get_video_info | Obteniendo metadatos para: https://www.youtube.com/watch?v=oeeVbQiNj8A
2026-08-01 13:34:00 | INFO     | download_manager_service._download_with_retry | Descarga completada exitosamente: El Plan De La Mariposa feat. Todo Aparenta Normal Flor de Tilcara.mp3
2026-08-01 13:34:00 | INFO     | download_manager_service._download_with_retry | Iniciando descarga (Audio (MP3), 320) - Intento 1/3: https://www.youtube.com/watch?v=czF5PUxTEA8
2026-08-01 13:34:00 | DEBUG    | download_manager_service.get_video_info | Obteniendo metadatos para: https://www.youtube.com/watch?v=czF5PUxTEA8
2026-08-01 13:34:01 | DEBUG    | download_manager_service.get_video_info | Metadatos obtenidos exitosamente para: La Vela Puerca - Clones (DVD "Festejar Para Sobrevivir, 20 años")
2026-08-01 13:34:02 | DEBUG    | download_manager_service.get_video_info | Metadatos obtenidos exitosamente para: Pier - Maldito duende (Videoclip Oficial)
2026-08-01 13:34:05 | INFO     | download_manager_service._download_with_retry | Descarga completada exitosamente: La Vela Puerca - Ves (DVD Festejar para sobrevivir, 20 Años).mp3
2026-08-01 13:34:05 | INFO     | download_manager_service._download_with_retry | Iniciando descarga (Audio (MP3), 320) - Intento 1/3: https://www.youtube.com/watch?v=P0NYRCmJTnU
2026-08-01 13:34:05 | DEBUG    | download_manager_service.get_video_info | Obteniendo metadatos para: https://www.youtube.com/watch?v=P0NYRCmJTnU
2026-08-01 13:34:06 | DEBUG    | download_manager_service.get_video_info | Metadatos obtenidos exitosamente para: La Beriso TV - La Beriso - Mal Juego
2026-08-01 13:34:06 | INFO     | download_manager_service._download_with_retry | Descarga completada exitosamente: Guasones - 100 años (AUDIO).mp3
2026-08-01 13:34:06 | INFO     | download_manager_service._download_with_retry | Iniciando descarga (Audio (MP3), 320) - Intento 1/3: https://www.youtube.com/watch?v=iRI1G-xqm4w
2026-08-01 13:34:06 | DEBUG    | download_manager_service.get_video_info | Obteniendo metadatos para: https://www.youtube.com/watch?v=iRI1G-xqm4w
2026-08-01 13:34:07 | DEBUG    | download_manager_service.get_video_info | Metadatos obtenidos exitosamente para: La Beriso TV - La Beriso - Señal (Video Oficial)
2026-08-01 13:34:07 | INFO     | download_manager_service._download_with_retry | Descarga completada exitosamente: La Vela Puerca - Clones (DVD Festejar Para Sobrevivir, 20 años).mp3
2026-08-01 13:34:07 | INFO     | download_manager_service._download_with_retry | Iniciando descarga (Audio (MP3), 320) - Intento 1/3: https://www.youtube.com/watch?v=pLCI9m4EJCY
2026-08-01 13:34:07 | DEBUG    | download_manager_service.get_video_info | Obteniendo metadatos para: https://www.youtube.com/watch?v=pLCI9m4EJCY
2026-08-01 13:34:09 | DEBUG    | download_manager_service.get_video_info | Metadatos obtenidos exitosamente para: La Señal
2026-08-01 13:34:10 | INFO     | download_manager_service._download_with_retry | Descarga completada exitosamente: Pier - Maldito duende (Videoclip Oficial).mp3
2026-08-01 13:34:10 | INFO     | download_manager_service._download_with_retry | Iniciando descarga (Audio (MP3), 320) - Intento 1/3: https://www.youtube.com/watch?v=u4ABXAQHH_k
2026-08-01 13:34:10 | DEBUG    | download_manager_service.get_video_info | Obteniendo metadatos para: https://www.youtube.com/watch?v=u4ABXAQHH_k
2026-08-01 13:34:11 | DEBUG    | download_manager_service.get_video_info | Metadatos obtenidos exitosamente para: La Konga, Lucas Sugo - CINCO MINUTOS
2026-08-01 13:34:14 | INFO     | download_manager_service._download_with_retry | Descarga completada exitosamente: La Beriso TV - La Beriso - Mal Juego.mp3
2026-08-01 13:34:14 | INFO     | download_manager_service._download_with_retry | Iniciando descarga (Audio (MP3), 320) - Intento 1/3: https://www.youtube.com/watch?v=g4PYjNyL7BU
2026-08-01 13:34:14 | DEBUG    | download_manager_service.get_video_info | Obteniendo metadatos para: https://www.youtube.com/watch?v=g4PYjNyL7BU
2026-08-01 13:34:15 | DEBUG    | download_manager_service.get_video_info | Metadatos obtenidos exitosamente para: Los Palmeras, Emanero, Ulises Bueno, Migrantes - Atorrante en Vivo en El Luna Park
2026-08-01 13:34:17 | INFO     | download_manager_service._download_with_retry | Descarga completada exitosamente: La Señal.mp3
2026-08-01 13:34:17 | INFO     | download_manager_service._download_with_retry | Iniciando descarga (Audio (MP3), 320) - Intento 1/3: https://www.youtube.com/watch?v=dU33pjeELss
2026-08-01 13:34:17 | DEBUG    | download_manager_service.get_video_info | Obteniendo metadatos para: https://www.youtube.com/watch?v=dU33pjeELss
2026-08-01 13:34:17 | INFO     | download_manager_service._download_with_retry | Descarga completada exitosamente: La Konga, Lucas Sugo - CINCO MINUTOS.mp3
2026-08-01 13:34:17 | INFO     | download_manager_service._download_with_retry | Iniciando descarga (Audio (MP3), 320) - Intento 1/3: https://www.youtube.com/watch?v=xGEZVk5ZZUo
2026-08-01 13:34:17 | DEBUG    | download_manager_service.get_video_info | Obteniendo metadatos para: https://www.youtube.com/watch?v=xGEZVk5ZZUo
2026-08-01 13:34:18 | DEBUG    | download_manager_service.get_video_info | Metadatos obtenidos exitosamente para: DE UN TIEMPO A ESTA PARTE -  @LaDelioValdez  ft  @JavierOrtega12
2026-08-01 13:34:19 | DEBUG    | download_manager_service.get_video_info | Metadatos obtenidos exitosamente para: Damas Gratis - Si Te vas - Feat El Mago (En Vivo)
2026-08-01 13:34:23 | INFO     | download_manager_service._download_with_retry | Descarga completada exitosamente: Los Palmeras, Emanero, Ulises Bueno, Migrantes - Atorrante en Vivo en El Luna Park.mp3
2026-08-01 13:34:23 | INFO     | download_manager_service._download_with_retry | Iniciando descarga (Audio (MP3), 320) - Intento 1/3: https://www.youtube.com/watch?v=6BZZJIWnHQE
2026-08-01 13:34:23 | DEBUG    | download_manager_service.get_video_info | Obteniendo metadatos para: https://www.youtube.com/watch?v=6BZZJIWnHQE
2026-08-01 13:34:24 | DEBUG    | download_manager_service.get_video_info | Metadatos obtenidos exitosamente para: Los Auténticos Decadentes, Los Palmeras - Jurabas tú (Official Video)
2026-08-01 13:34:27 | INFO     | download_manager_service._download_with_retry | Descarga completada exitosamente: DE UN TIEMPO A ESTA PARTE - @LaDelioValdez ft @JavierOrtega12.mp3
2026-08-01 13:34:27 | INFO     | download_manager_service._download_with_retry | Iniciando descarga (Audio (MP3), 320) - Intento 1/3: https://www.youtube.com/watch?v=wRbKBJg1QFU
2026-08-01 13:34:27 | DEBUG    | download_manager_service.get_video_info | Obteniendo metadatos para: https://www.youtube.com/watch?v=wRbKBJg1QFU
2026-08-01 13:34:28 | DEBUG    | download_manager_service.get_video_info | Metadatos obtenidos exitosamente para: LA DELIO VALDEZ - INOCENTE - (Vivo en Gran Rex)
2026-08-01 13:34:29 | INFO     | download_manager_service._download_with_retry | Descarga completada exitosamente: Damas Gratis - Si Te vas - Feat El Mago (En Vivo).mp3
2026-08-01 13:34:29 | INFO     | download_manager_service._download_with_retry | Iniciando descarga (Audio (MP3), 320) - Intento 1/3: https://www.youtube.com/watch?v=Uyion1zTyZY
2026-08-01 13:34:29 | DEBUG    | download_manager_service.get_video_info | Obteniendo metadatos para: https://www.youtube.com/watch?v=Uyion1zTyZY
2026-08-01 13:34:30 | INFO     | download_manager_service._download_with_retry | Descarga completada exitosamente: La Beriso - Cantemos (En Vivo).mp3
2026-08-01 13:34:30 | INFO     | download_manager_service._download_with_retry | Iniciando descarga (Audio (MP3), 320) - Intento 1/3: https://www.youtube.com/watch?v=vFCkw3NiKQc
2026-08-01 13:34:30 | DEBUG    | download_manager_service.get_video_info | Obteniendo metadatos para: https://www.youtube.com/watch?v=vFCkw3NiKQc
2026-08-01 13:34:30 | DEBUG    | download_manager_service.get_video_info | Metadatos obtenidos exitosamente para: Los Palmeras, Jorge Rojas - Por Primera Vez (Video Oficial)
2026-08-01 13:34:31 | DEBUG    | download_manager_service.get_video_info | Metadatos obtenidos exitosamente para: Q' Lokura x La T y La M - Un Montón De Estrellas / El Doctorado / Siguiendo La Luna
2026-08-01 13:34:37 | INFO     | download_manager_service._download_with_retry | Descarga completada exitosamente: LA DELIO VALDEZ - INOCENTE - (Vivo en Gran Rex).mp3
2026-08-01 13:34:37 | INFO     | download_manager_service._download_with_retry | Iniciando descarga (Audio (MP3), 320) - Intento 1/3: https://www.youtube.com/watch?v=lDmuKWgXO2o
2026-08-01 13:34:37 | DEBUG    | download_manager_service.get_video_info | Obteniendo metadatos para: https://www.youtube.com/watch?v=lDmuKWgXO2o
2026-08-01 13:34:38 | INFO     | download_manager_service._download_with_retry | Descarga completada exitosamente: Los Palmeras, Jorge Rojas - Por Primera Vez (Video Oficial).mp3
2026-08-01 13:34:38 | INFO     | download_manager_service._download_with_retry | Iniciando descarga (Audio (MP3), 320) - Intento 1/3: https://www.youtube.com/watch?v=y13324evPB0
2026-08-01 13:34:38 | DEBUG    | download_manager_service.get_video_info | Obteniendo metadatos para: https://www.youtube.com/watch?v=y13324evPB0
2026-08-01 13:34:39 | DEBUG    | download_manager_service.get_video_info | Metadatos obtenidos exitosamente para: Rolo Sartorio - Sin saber por qué
2026-08-01 13:34:39 | DEBUG    | download_manager_service.get_video_info | Metadatos obtenidos exitosamente para: La Beriso - Miro Hacia Atrás (Official Video)
2026-08-01 13:34:44 | INFO     | download_manager_service._download_with_retry | Descarga completada exitosamente: Q' Lokura x La T y La M - Un Montón De Estrellas El Doctorado Siguiendo La Luna.mp3
2026-08-01 13:34:44 | INFO     | download_manager_service._download_with_retry | Iniciando descarga (Audio (MP3), 320) - Intento 1/3: https://www.youtube.com/watch?v=MP5IOVTwo_Y
2026-08-01 13:34:44 | DEBUG    | download_manager_service.get_video_info | Obteniendo metadatos para: https://www.youtube.com/watch?v=MP5IOVTwo_Y
2026-08-01 13:34:45 | DEBUG    | download_manager_service.get_video_info | Metadatos obtenidos exitosamente para: La Beriso - Un Error (En Vivo en el Estadio Único)
2026-08-01 13:34:45 | INFO     | download_manager_service._download_with_retry | Descarga completada exitosamente: La Beriso TV - La Beriso - Señal (Video Oficial).mp3
2026-08-01 13:34:45 | INFO     | download_manager_service._download_with_retry | Iniciando descarga (Audio (MP3), 320) - Intento 1/3: https://www.youtube.com/watch?v=KvIcPIAUyvg
2026-08-01 13:34:45 | DEBUG    | download_manager_service.get_video_info | Obteniendo metadatos para: https://www.youtube.com/watch?v=KvIcPIAUyvg
2026-08-01 13:34:46 | INFO     | download_manager_service._download_with_retry | Descarga completada exitosamente: La Beriso - Miro Hacia Atrás (Official Video).mp3
2026-08-01 13:34:46 | INFO     | download_manager_service._download_with_retry | Iniciando descarga (Audio (MP3), 320) - Intento 1/3: https://www.youtube.com/watch?v=D29hIZKVdk8
2026-08-01 13:34:46 | DEBUG    | download_manager_service.get_video_info | Obteniendo metadatos para: https://www.youtube.com/watch?v=D29hIZKVdk8
2026-08-01 13:34:47 | DEBUG    | download_manager_service.get_video_info | Metadatos obtenidos exitosamente para: La Beriso - Corazón de Neón (Official Video)
2026-08-01 13:34:47 | DEBUG    | download_manager_service.get_video_info | Metadatos obtenidos exitosamente para: La Beriso - A Mi Manera (Official Audio)
2026-08-01 13:34:48 | INFO     | download_manager_service._download_with_retry | Descarga completada exitosamente: Rolo Sartorio - Sin saber por qué.mp3
2026-08-01 13:34:48 | INFO     | download_manager_service._download_with_retry | Iniciando descarga (Audio (MP3), 320) - Intento 1/3: https://www.youtube.com/watch?v=rEJWNBfDajg
2026-08-01 13:34:48 | DEBUG    | download_manager_service.get_video_info | Obteniendo metadatos para: https://www.youtube.com/watch?v=rEJWNBfDajg
2026-08-01 13:34:49 | DEBUG    | download_manager_service.get_video_info | Metadatos obtenidos exitosamente para: Don Osvaldo - Suerte (Video oficial)
2026-08-01 13:34:56 | INFO     | download_manager_service._download_with_retry | Descarga completada exitosamente: La Beriso - Corazón de Neón (Official Video).mp3
2026-08-01 13:34:56 | INFO     | download_manager_service._download_with_retry | Iniciando descarga (Audio (MP3), 320) - Intento 1/3: https://www.youtube.com/watch?v=uXExJrdGJp0
2026-08-01 13:34:56 | DEBUG    | download_manager_service.get_video_info | Obteniendo metadatos para: https://www.youtube.com/watch?v=uXExJrdGJp0
2026-08-01 13:34:56 | INFO     | download_manager_service._download_with_retry | Descarga completada exitosamente: La Beriso - A Mi Manera (Official Audio).mp3
2026-08-01 13:34:56 | INFO     | download_manager_service._download_with_retry | Iniciando descarga (Audio (MP3), 320) - Intento 1/3: https://www.youtube.com/watch?v=oYNVqA5OAyk
2026-08-01 13:34:56 | DEBUG    | download_manager_service.get_video_info | Obteniendo metadatos para: https://www.youtube.com/watch?v=oYNVqA5OAyk
2026-08-01 13:34:57 | DEBUG    | download_manager_service.get_video_info | Metadatos obtenidos exitosamente para: Cordera y La Caravana - El italiano (Video Oficial)
2026-08-01 13:34:57 | DEBUG    | download_manager_service.get_video_info | Metadatos obtenidos exitosamente para: La Beriso TV - La Beriso - Recordé
2026-08-01 13:34:59 | INFO     | download_manager_service._download_with_retry | Descarga completada exitosamente: Don Osvaldo - Suerte (Video oficial).mp3
2026-08-01 13:34:59 | INFO     | download_manager_service._download_with_retry | Iniciando descarga (Audio (MP3), 320) - Intento 1/3: https://www.youtube.com/watch?v=uGLvhXgqRfw
2026-08-01 13:34:59 | DEBUG    | download_manager_service.get_video_info | Obteniendo metadatos para: https://www.youtube.com/watch?v=uGLvhXgqRfw
2026-08-01 13:35:00 | DEBUG    | download_manager_service.get_video_info | Metadatos obtenidos exitosamente para: Andrés Calamaro - Mi enfermedad (Audio Oficial)
2026-08-01 13:35:01 | INFO     | download_manager_service._download_with_retry | Descarga completada exitosamente: Los Auténticos Decadentes, Los Palmeras - Jurabas tú (Official Video).mp3
2026-08-01 13:35:01 | INFO     | download_manager_service._download_with_retry | Iniciando descarga (Audio (MP3), 320) - Intento 1/3: https://www.youtube.com/watch?v=3x3FJwyIP7Y
2026-08-01 13:35:01 | DEBUG    | download_manager_service.get_video_info | Obteniendo metadatos para: https://www.youtube.com/watch?v=3x3FJwyIP7Y
2026-08-01 13:35:02 | DEBUG    | download_manager_service.get_video_info | Metadatos obtenidos exitosamente para: La Beriso - Quiero Salir (En Vivo en Buenos Aires) (Official Audio)
2026-08-01 13:35:06 | INFO     | download_manager_service._download_with_retry | Descarga completada exitosamente: Cordera y La Caravana - El italiano (Video Oficial).mp3
2026-08-01 13:35:06 | INFO     | download_manager_service._download_with_retry | Iniciando descarga (Audio (MP3), 320) - Intento 1/3: https://www.youtube.com/watch?v=Yj2C9zw7EsU
2026-08-01 13:35:06 | DEBUG    | download_manager_service.get_video_info | Obteniendo metadatos para: https://www.youtube.com/watch?v=Yj2C9zw7EsU
2026-08-01 13:35:07 | INFO     | download_manager_service._download_with_retry | Descarga completada exitosamente: La Beriso TV - La Beriso - Recordé.mp3
2026-08-01 13:35:07 | INFO     | download_manager_service._download_with_retry | Iniciando descarga (Audio (MP3), 320) - Intento 1/3: https://www.youtube.com/watch?v=xkJrjiZCnCI
2026-08-01 13:35:07 | DEBUG    | download_manager_service.get_video_info | Obteniendo metadatos para: https://www.youtube.com/watch?v=xkJrjiZCnCI
2026-08-01 13:35:08 | DEBUG    | download_manager_service.get_video_info | Metadatos obtenidos exitosamente para: Andando Descalzo - Impulso - "20 años Andando"
2026-08-01 13:35:08 | DEBUG    | download_manager_service.get_video_info | Metadatos obtenidos exitosamente para: Memphis la blusera - La bifurcada (DVD Luna Park "25")
2026-08-01 13:35:09 | INFO     | download_manager_service._download_with_retry | Descarga completada exitosamente: La Beriso - Quiero Salir (En Vivo en Buenos Aires) (Official Audio).mp3
2026-08-01 13:35:09 | INFO     | download_manager_service._download_with_retry | Iniciando descarga (Audio (MP3), 320) - Intento 1/3: https://www.youtube.com/watch?v=Ba_M7Y9GxHw
2026-08-01 13:35:09 | DEBUG    | download_manager_service.get_video_info | Obteniendo metadatos para: https://www.youtube.com/watch?v=Ba_M7Y9GxHw
2026-08-01 13:35:10 | INFO     | download_manager_service._download_with_retry | Descarga completada exitosamente: Andrés Calamaro - Mi enfermedad (Audio Oficial).mp3
2026-08-01 13:35:10 | INFO     | download_manager_service._download_with_retry | Iniciando descarga (Audio (MP3), 320) - Intento 1/3: https://www.youtube.com/watch?v=lemZeWv71Ng
2026-08-01 13:35:10 | DEBUG    | download_manager_service.get_video_info | Obteniendo metadatos para: https://www.youtube.com/watch?v=lemZeWv71Ng
2026-08-01 13:35:11 | DEBUG    | download_manager_service.get_video_info | Metadatos obtenidos exitosamente para: Soda Stereo - Lo Que Sangra (La Cúpula) (El Último Concierto)
2026-08-01 13:35:11 | DEBUG    | download_manager_service.get_video_info | Metadatos obtenidos exitosamente para: La Beriso - Infierno (Sinfónico en Vivo) (Official Video)
2026-08-01 13:35:11 | INFO     | download_manager_service._download_with_retry | Descarga completada exitosamente: La Beriso - Un Error (En Vivo en el Estadio Único).mp3
2026-08-01 13:35:11 | INFO     | download_manager_service._download_with_retry | Iniciando descarga (Audio (MP3), 320) - Intento 1/3: https://www.youtube.com/watch?v=_PUyQZ5Wgfs
2026-08-01 13:35:11 | DEBUG    | download_manager_service.get_video_info | Obteniendo metadatos para: https://www.youtube.com/watch?v=_PUyQZ5Wgfs
2026-08-01 13:35:13 | DEBUG    | download_manager_service.get_video_info | Metadatos obtenidos exitosamente para: Vicios (En Vivo Estadio Vélez Sarsfield) (Official Audio)
2026-08-01 13:35:16 | INFO     | download_manager_service._download_with_retry | Descarga completada exitosamente: Andando Descalzo - Impulso - 20 años Andando.mp3
2026-08-01 13:35:16 | INFO     | download_manager_service._download_with_retry | Iniciando descarga (Audio (MP3), 320) - Intento 1/3: https://www.youtube.com/watch?v=mFWBzO4u3is
2026-08-01 13:35:16 | DEBUG    | download_manager_service.get_video_info | Obteniendo metadatos para: https://www.youtube.com/watch?v=mFWBzO4u3is
2026-08-01 13:35:17 | INFO     | download_manager_service._download_with_retry | Descarga completada exitosamente: Memphis la blusera - La bifurcada (DVD Luna Park 25).mp3
2026-08-01 13:35:17 | INFO     | download_manager_service._download_with_retry | Iniciando descarga (Audio (MP3), 320) - Intento 1/3: https://www.youtube.com/watch?v=UBepv9xxXRg
2026-08-01 13:35:17 | DEBUG    | download_manager_service.get_video_info | Obteniendo metadatos para: https://www.youtube.com/watch?v=UBepv9xxXRg
2026-08-01 13:35:17 | DEBUG    | download_manager_service.get_video_info | Metadatos obtenidos exitosamente para: Argentina (En Vivo en el Estadio Único)
2026-08-01 13:35:18 | DEBUG    | download_manager_service.get_video_info | Metadatos obtenidos exitosamente para: La Beriso - Insolente (Official Video)
2026-08-01 13:35:23 | INFO     | download_manager_service._download_with_retry | Descarga completada exitosamente: La Beriso - Infierno (Sinfónico en Vivo) (Official Video).mp3
2026-08-01 13:35:23 | INFO     | download_manager_service._download_with_retry | Iniciando descarga (Audio (MP3), 320) - Intento 1/3: https://www.youtube.com/watch?v=MI6JvHMtk9I
2026-08-01 13:35:23 | DEBUG    | download_manager_service.get_video_info | Obteniendo metadatos para: https://www.youtube.com/watch?v=MI6JvHMtk9I
2026-08-01 13:35:23 | INFO     | download_manager_service._download_with_retry | Descarga completada exitosamente: Argentina (En Vivo en el Estadio Único).mp3
2026-08-01 13:35:23 | INFO     | download_manager_service._download_with_retry | Iniciando descarga (Audio (MP3), 320) - Intento 1/3: https://www.youtube.com/watch?v=yaxcMQIgzhw
2026-08-01 13:35:23 | DEBUG    | download_manager_service.get_video_info | Obteniendo metadatos para: https://www.youtube.com/watch?v=yaxcMQIgzhw
2026-08-01 13:35:24 | DEBUG    | download_manager_service.get_video_info | Metadatos obtenidos exitosamente para: La Noche sin Ti
2026-08-01 13:35:24 | INFO     | download_manager_service._download_with_retry | Descarga completada exitosamente: Vicios (En Vivo Estadio Vélez Sarsfield) (Official Audio).mp3
2026-08-01 13:35:24 | INFO     | download_manager_service._download_with_retry | Iniciando descarga (Audio (MP3), 320) - Intento 1/3: https://www.youtube.com/watch?v=_yd2gY-npnc
2026-08-01 13:35:24 | DEBUG    | download_manager_service.get_video_info | Obteniendo metadatos para: https://www.youtube.com/watch?v=_yd2gY-npnc
2026-08-01 13:35:25 | DEBUG    | download_manager_service.get_video_info | Metadatos obtenidos exitosamente para: La noche sin ti | Loshuayra.vivo | OFICIAL  HD
2026-08-01 13:35:26 | DEBUG    | download_manager_service.get_video_info | Metadatos obtenidos exitosamente para: Runaway (en vivo en EL COLISEO)
2026-08-01 13:35:26 | INFO     | download_manager_service._download_with_retry | Descarga completada exitosamente: La Beriso - Insolente (Official Video).mp3
2026-08-01 13:35:26 | INFO     | download_manager_service._download_with_retry | Iniciando descarga (Audio (MP3), 320) - Intento 1/3: https://www.youtube.com/watch?v=kwKfWlP3ac8
2026-08-01 13:35:26 | DEBUG    | download_manager_service.get_video_info | Obteniendo metadatos para: https://www.youtube.com/watch?v=kwKfWlP3ac8
2026-08-01 13:35:28 | DEBUG    | download_manager_service.get_video_info | Metadatos obtenidos exitosamente para: Las Pelotas - 21 Capitán América (DVD 5x5)
2026-08-01 13:35:32 | INFO     | download_manager_service._download_with_retry | Descarga completada exitosamente: La Noche sin Ti.mp3
2026-08-01 13:35:32 | INFO     | download_manager_service._download_with_retry | Iniciando descarga (Audio (MP3), 320) - Intento 1/3: https://www.youtube.com/watch?v=mgZQZJ1mTuU
2026-08-01 13:35:32 | DEBUG    | download_manager_service.get_video_info | Obteniendo metadatos para: https://www.youtube.com/watch?v=mgZQZJ1mTuU
2026-08-01 13:35:33 | INFO     | download_manager_service._download_with_retry | Descarga completada exitosamente: La noche sin ti Loshuayra.vivo OFICIAL HD.mp3
2026-08-01 13:35:33 | INFO     | download_manager_service._download_with_retry | Iniciando descarga (Audio (MP3), 320) - Intento 1/3: https://www.youtube.com/watch?v=6RB4wT-Bd8Y
2026-08-01 13:35:33 | DEBUG    | download_manager_service.get_video_info | Obteniendo metadatos para: https://www.youtube.com/watch?v=6RB4wT-Bd8Y
2026-08-01 13:35:34 | INFO     | download_manager_service._download_with_retry | Descarga completada exitosamente: Runaway (en vivo en EL COLISEO).mp3
2026-08-01 13:35:34 | INFO     | download_manager_service._download_with_retry | Iniciando descarga (Audio (MP3), 320) - Intento 1/3: https://www.youtube.com/watch?v=CVJskUEm2e0
2026-08-01 13:35:34 | DEBUG    | download_manager_service.get_video_info | Obteniendo metadatos para: https://www.youtube.com/watch?v=CVJskUEm2e0
2026-08-01 13:35:34 | DEBUG    | download_manager_service.get_video_info | Metadatos obtenidos exitosamente para: Se Necesita
2026-08-01 13:35:34 | DEBUG    | download_manager_service.get_video_info | Metadatos obtenidos exitosamente para: Pappo - Juntos a la Par (Letra)
2026-08-01 13:35:35 | DEBUG    | download_manager_service.get_video_info | Metadatos obtenidos exitosamente para: Otra Tarde (En Directo / WiZink Center / Madrid / 17-11-2019)
2026-08-01 13:35:40 | INFO     | download_manager_service._download_with_retry | Descarga completada exitosamente: Pappo - Juntos a la Par (Letra).mp3
2026-08-01 13:35:40 | INFO     | download_manager_service._download_with_retry | Iniciando descarga (Audio (MP3), 320) - Intento 1/3: https://www.youtube.com/watch?v=ARqMbFf5NgM
2026-08-01 13:35:40 | DEBUG    | download_manager_service.get_video_info | Obteniendo metadatos para: https://www.youtube.com/watch?v=ARqMbFf5NgM
2026-08-01 13:35:41 | DEBUG    | download_manager_service.get_video_info | Metadatos obtenidos exitosamente para: La Beriso - Bandidos (Official Video)
2026-08-01 13:35:42 | INFO     | download_manager_service._download_with_retry | Descarga completada exitosamente: Otra Tarde (En Directo WiZink Center Madrid 17-11-2019).mp3
2026-08-01 13:35:42 | INFO     | download_manager_service._download_with_retry | Iniciando descarga (Audio (MP3), 320) - Intento 1/3: https://www.youtube.com/watch?v=l-M91DXDBOA
2026-08-01 13:35:42 | DEBUG    | download_manager_service.get_video_info | Obteniendo metadatos para: https://www.youtube.com/watch?v=l-M91DXDBOA
2026-08-01 13:35:43 | DEBUG    | download_manager_service.get_video_info | Metadatos obtenidos exitosamente para: La Beriso - Te Burlaste (En Vivo en el Estadio Único)
2026-08-01 13:35:44 | INFO     | download_manager_service._download_with_retry | Descarga completada exitosamente: Soda Stereo - Lo Que Sangra (La Cúpula) (El Último Concierto).mp3
2026-08-01 13:35:44 | INFO     | download_manager_service._download_with_retry | Iniciando descarga (Audio (MP3), 320) - Intento 1/3: https://www.youtube.com/watch?v=TSRB_vlAG3A
2026-08-01 13:35:44 | DEBUG    | download_manager_service.get_video_info | Obteniendo metadatos para: https://www.youtube.com/watch?v=TSRB_vlAG3A
2026-08-01 13:35:46 | DEBUG    | download_manager_service.get_video_info | Metadatos obtenidos exitosamente para: La Beriso - Risas de Pobre (En Vivo Estadio Unico 2017)
2026-08-01 13:35:47 | INFO     | download_manager_service._download_with_retry | Descarga completada exitosamente: Se Necesita.mp3
2026-08-01 13:35:47 | INFO     | download_manager_service._download_with_retry | Iniciando descarga (Audio (MP3), 320) - Intento 1/3: https://www.youtube.com/watch?v=Ss8R3s6xv3M
2026-08-01 13:35:47 | DEBUG    | download_manager_service.get_video_info | Obteniendo metadatos para: https://www.youtube.com/watch?v=Ss8R3s6xv3M
2026-08-01 13:35:48 | DEBUG    | download_manager_service.get_video_info | Metadatos obtenidos exitosamente para: La Beriso - No Me Olvides (En Vivo)
2026-08-01 13:35:50 | INFO     | download_manager_service._download_with_retry | Descarga completada exitosamente: La Beriso - Te Burlaste (En Vivo en el Estadio Único).mp3
2026-08-01 13:35:50 | INFO     | download_manager_service._download_with_retry | Iniciando descarga (Audio (MP3), 320) - Intento 1/3: https://www.youtube.com/watch?v=V4km8R026Ec
2026-08-01 13:35:50 | DEBUG    | download_manager_service.get_video_info | Obteniendo metadatos para: https://www.youtube.com/watch?v=V4km8R026Ec
2026-08-01 13:35:50 | INFO     | download_manager_service._download_with_retry | Descarga completada exitosamente: La Beriso - Bandidos (Official Video).mp3
2026-08-01 13:35:50 | INFO     | download_manager_service._download_with_retry | Iniciando descarga (Audio (MP3), 320) - Intento 1/3: https://www.youtube.com/watch?v=B2IyKhKq-hI
2026-08-01 13:35:50 | DEBUG    | download_manager_service.get_video_info | Obteniendo metadatos para: https://www.youtube.com/watch?v=B2IyKhKq-hI
2026-08-01 13:35:51 | DEBUG    | download_manager_service.get_video_info | Metadatos obtenidos exitosamente para: El Éxito (En Vivo en el Luna Park)
2026-08-01 13:35:52 | DEBUG    | download_manager_service.get_video_info | Metadatos obtenidos exitosamente para: La Renga - Voy A Bailar A La Nave Del Olvido
2026-08-01 13:35:54 | INFO     | download_manager_service._download_with_retry | Descarga completada exitosamente: La Beriso - Risas de Pobre (En Vivo Estadio Unico 2017).mp3
2026-08-01 13:35:54 | INFO     | download_manager_service._download_with_retry | Iniciando descarga (Audio (MP3), 320) - Intento 1/3: https://www.youtube.com/watch?v=P3cKrz1xHAY
2026-08-01 13:35:54 | DEBUG    | download_manager_service.get_video_info | Obteniendo metadatos para: https://www.youtube.com/watch?v=P3cKrz1xHAY
2026-08-01 13:35:55 | DEBUG    | download_manager_service.get_video_info | Metadatos obtenidos exitosamente para: Virus - Amor Descartable (Official Audio)
2026-08-01 13:35:56 | INFO     | download_manager_service._download_with_retry | Descarga completada exitosamente: Las Pelotas - 21 Capitán América (DVD 5x5).mp3
2026-08-01 13:35:56 | INFO     | download_manager_service._download_with_retry | Iniciando descarga (Audio (MP3), 320) - Intento 1/3: https://www.youtube.com/watch?v=lguontK4Gk8
2026-08-01 13:35:56 | DEBUG    | download_manager_service.get_video_info | Obteniendo metadatos para: https://www.youtube.com/watch?v=lguontK4Gk8
2026-08-01 13:35:58 | DEBUG    | download_manager_service.get_video_info | Metadatos obtenidos exitosamente para: Estelares - Emperifollada (Video oficial)
2026-08-01 13:35:58 | INFO     | download_manager_service._download_with_retry | Descarga completada exitosamente: La Beriso - No Me Olvides (En Vivo).mp3
2026-08-01 13:35:58 | INFO     | download_manager_service._download_with_retry | Iniciando descarga (Audio (MP3), 320) - Intento 1/3: https://www.youtube.com/watch?v=Z2sLDw2Te9E
2026-08-01 13:35:58 | DEBUG    | download_manager_service.get_video_info | Obteniendo metadatos para: https://www.youtube.com/watch?v=Z2sLDw2Te9E
2026-08-01 13:36:00 | DEBUG    | download_manager_service.get_video_info | Metadatos obtenidos exitosamente para: La Beriso TV - La Beriso - Ceder
2026-08-01 13:36:02 | INFO     | download_manager_service._download_with_retry | Descarga completada exitosamente: La Renga - Voy A Bailar A La Nave Del Olvido.mp3
2026-08-01 13:36:02 | INFO     | download_manager_service._download_with_retry | Iniciando descarga (Audio (MP3), 320) - Intento 1/3: https://www.youtube.com/watch?v=2DeNBOTS1Hk
2026-08-01 13:36:02 | DEBUG    | download_manager_service.get_video_info | Obteniendo metadatos para: https://www.youtube.com/watch?v=2DeNBOTS1Hk
2026-08-01 13:36:02 | INFO     | download_manager_service._download_with_retry | Descarga completada exitosamente: El Éxito (En Vivo en el Luna Park).mp3
2026-08-01 13:36:02 | INFO     | download_manager_service._download_with_retry | Iniciando descarga (Audio (MP3), 320) - Intento 1/3: https://www.youtube.com/watch?v=ePF9kj8qgPg
2026-08-01 13:36:02 | DEBUG    | download_manager_service.get_video_info | Obteniendo metadatos para: https://www.youtube.com/watch?v=ePF9kj8qgPg
2026-08-01 13:36:03 | INFO     | download_manager_service._download_with_retry | Descarga completada exitosamente: Virus - Amor Descartable (Official Audio).mp3
2026-08-01 13:36:03 | INFO     | download_manager_service._download_with_retry | Iniciando descarga (Audio (MP3), 320) - Intento 1/3: https://www.youtube.com/watch?v=l8Gc3NY9Tc8
2026-08-01 13:36:03 | DEBUG    | download_manager_service.get_video_info | Obteniendo metadatos para: https://www.youtube.com/watch?v=l8Gc3NY9Tc8
2026-08-01 13:36:03 | DEBUG    | download_manager_service.get_video_info | Metadatos obtenidos exitosamente para: La Beriso - Adiós, Amigos, Adiós (Official Audio)
2026-08-01 13:36:04 | DEBUG    | download_manager_service.get_video_info | Metadatos obtenidos exitosamente para: La Beriso TV - La Beriso - Calles del sol
2026-08-01 13:36:04 | DEBUG    | download_manager_service.get_video_info | Metadatos obtenidos exitosamente para: La Beriso - Contigo (Official Audio)
2026-08-01 13:36:04 | INFO     | download_manager_service._download_with_retry | Descarga completada exitosamente: Estelares - Emperifollada (Video oficial).mp3
2026-08-01 13:36:04 | INFO     | download_manager_service._download_with_retry | Iniciando descarga (Audio (MP3), 320) - Intento 1/3: https://www.youtube.com/watch?v=mHddHIpYbpk
2026-08-01 13:36:04 | DEBUG    | download_manager_service.get_video_info | Obteniendo metadatos para: https://www.youtube.com/watch?v=mHddHIpYbpk
2026-08-01 13:36:06 | DEBUG    | download_manager_service.get_video_info | Metadatos obtenidos exitosamente para: La Beriso - Enloquecer (Lyric Video)
2026-08-01 13:36:09 | INFO     | download_manager_service._download_with_retry | Descarga completada exitosamente: La Beriso TV - La Beriso - Ceder.mp3
2026-08-01 13:36:09 | INFO     | download_manager_service._download_with_retry | Iniciando descarga (Audio (MP3), 320) - Intento 1/3: https://www.youtube.com/watch?v=IWhVFy17Kt8
2026-08-01 13:36:09 | DEBUG    | download_manager_service.get_video_info | Obteniendo metadatos para: https://www.youtube.com/watch?v=IWhVFy17Kt8
2026-08-01 13:36:10 | DEBUG    | download_manager_service.get_video_info | Metadatos obtenidos exitosamente para: La Beriso - Resistir (Lyric Video)
2026-08-01 13:36:10 | INFO     | download_manager_service._download_with_retry | Descarga completada exitosamente: La Beriso TV - La Beriso - Calles del sol.mp3
2026-08-01 13:36:10 | INFO     | download_manager_service._download_with_retry | Iniciando descarga (Audio (MP3), 320) - Intento 1/3: https://www.youtube.com/watch?v=LdQ5WCWyAoI
2026-08-01 13:36:10 | DEBUG    | download_manager_service.get_video_info | Obteniendo metadatos para: https://www.youtube.com/watch?v=LdQ5WCWyAoI
2026-08-01 13:36:11 | INFO     | download_manager_service._download_with_retry | Descarga completada exitosamente: La Beriso - Adiós, Amigos, Adiós (Official Audio).mp3
2026-08-01 13:36:11 | INFO     | download_manager_service._download_with_retry | Iniciando descarga (Audio (MP3), 320) - Intento 1/3: https://www.youtube.com/watch?v=2KKNr0Oc2rw
2026-08-01 13:36:11 | DEBUG    | download_manager_service.get_video_info | Obteniendo metadatos para: https://www.youtube.com/watch?v=2KKNr0Oc2rw
2026-08-01 13:36:11 | DEBUG    | download_manager_service.get_video_info | Metadatos obtenidos exitosamente para: La Beriso - Recuerdos (Lyric Video)
2026-08-01 13:36:13 | DEBUG    | download_manager_service.get_video_info | Metadatos obtenidos exitosamente para: La Beriso - Mañana (Lyric Video)
2026-08-01 13:36:13 | INFO     | download_manager_service._download_with_retry | Descarga completada exitosamente: La Beriso - Contigo (Official Audio).mp3
2026-08-01 13:36:13 | INFO     | download_manager_service._download_with_retry | Iniciando descarga (Audio (MP3), 320) - Intento 1/3: https://www.youtube.com/watch?v=UDWMOOZ7mdw
2026-08-01 13:36:13 | DEBUG    | download_manager_service.get_video_info | Obteniendo metadatos para: https://www.youtube.com/watch?v=UDWMOOZ7mdw
2026-08-01 13:36:14 | DEBUG    | download_manager_service.get_video_info | Metadatos obtenidos exitosamente para: La Beriso - Amargo Dolor (Lyric Video)
2026-08-01 13:36:18 | INFO     | download_manager_service._download_with_retry | Descarga completada exitosamente: La Beriso - Resistir (Lyric Video).mp3
2026-08-01 13:36:18 | INFO     | download_manager_service._download_with_retry | Iniciando descarga (Audio (MP3), 320) - Intento 1/3: https://www.youtube.com/watch?v=1ZtCwHi2O9k
2026-08-01 13:36:18 | DEBUG    | download_manager_service.get_video_info | Obteniendo metadatos para: https://www.youtube.com/watch?v=1ZtCwHi2O9k
2026-08-01 13:36:19 | INFO     | download_manager_service._download_with_retry | Descarga completada exitosamente: La Beriso - Recuerdos (Lyric Video).mp3
2026-08-01 13:36:19 | INFO     | download_manager_service._download_with_retry | Iniciando descarga (Audio (MP3), 320) - Intento 1/3: https://www.youtube.com/watch?v=Y4moYnYLwpQ
2026-08-01 13:36:19 | DEBUG    | download_manager_service.get_video_info | Obteniendo metadatos para: https://www.youtube.com/watch?v=Y4moYnYLwpQ
2026-08-01 13:36:19 | DEBUG    | download_manager_service.get_video_info | Metadatos obtenidos exitosamente para: La Beriso - Si No Te Hubieras Ido (Official Audio)
2026-08-01 13:36:20 | DEBUG    | download_manager_service.get_video_info | Metadatos obtenidos exitosamente para: La Beriso - Te Vas a Arrepentir (Official Audio)
2026-08-01 13:36:20 | INFO     | download_manager_service._download_with_retry | Descarga completada exitosamente: La Beriso - Mañana (Lyric Video).mp3
2026-08-01 13:36:20 | INFO     | download_manager_service._download_with_retry | Iniciando descarga (Audio (MP3), 320) - Intento 1/3: https://www.youtube.com/watch?v=2eViQmMeWVA
2026-08-01 13:36:20 | DEBUG    | download_manager_service.get_video_info | Obteniendo metadatos para: https://www.youtube.com/watch?v=2eViQmMeWVA
2026-08-01 13:36:21 | INFO     | download_manager_service._download_with_retry | Descarga completada exitosamente: La Beriso - Amargo Dolor (Lyric Video).mp3
2026-08-01 13:36:21 | INFO     | download_manager_service._download_with_retry | Iniciando descarga (Audio (MP3), 320) - Intento 1/3: https://www.youtube.com/watch?v=DOTNYV8hoQ0
2026-08-01 13:36:21 | DEBUG    | download_manager_service.get_video_info | Obteniendo metadatos para: https://www.youtube.com/watch?v=DOTNYV8hoQ0
2026-08-01 13:36:21 | DEBUG    | download_manager_service.get_video_info | Metadatos obtenidos exitosamente para: La Beriso - Amor de la Salada (Official Lyric Video) ft. Rocío Quiroz
2026-08-01 13:36:22 | DEBUG    | download_manager_service.get_video_info | Metadatos obtenidos exitosamente para: La Beriso TV - La Beriso - Ratas
2026-08-01 13:36:26 | INFO     | download_manager_service._download_with_retry | Descarga completada exitosamente: La Beriso - Si No Te Hubieras Ido (Official Audio).mp3
2026-08-01 13:36:26 | INFO     | download_manager_service._download_with_retry | Iniciando descarga (Audio (MP3), 320) - Intento 1/3: https://www.youtube.com/watch?v=Wd1rplH4v7k
2026-08-01 13:36:26 | DEBUG    | download_manager_service.get_video_info | Obteniendo metadatos para: https://www.youtube.com/watch?v=Wd1rplH4v7k
2026-08-01 13:36:27 | DEBUG    | download_manager_service.get_video_info | Metadatos obtenidos exitosamente para: La Vela Puerca - Por la Ciudad
2026-08-01 13:36:28 | INFO     | download_manager_service._download_with_retry | Descarga completada exitosamente: La Beriso - Amor de la Salada (Official Lyric Video) ft. Rocío Quiroz.mp3
2026-08-01 13:36:28 | INFO     | download_manager_service._download_with_retry | Iniciando descarga (Audio (MP3), 320) - Intento 1/3: https://www.youtube.com/watch?v=YdldSOBl3oc
2026-08-01 13:36:28 | DEBUG    | download_manager_service.get_video_info | Obteniendo metadatos para: https://www.youtube.com/watch?v=YdldSOBl3oc
2026-08-01 13:36:29 | INFO     | download_manager_service._download_with_retry | Descarga completada exitosamente: La Beriso - Te Vas a Arrepentir (Official Audio).mp3
2026-08-01 13:36:29 | INFO     | download_manager_service._download_with_retry | Iniciando descarga (Audio (MP3), 320) - Intento 1/3: https://www.youtube.com/watch?v=NabLI7HdoLQ
2026-08-01 13:36:29 | DEBUG    | download_manager_service.get_video_info | Obteniendo metadatos para: https://www.youtube.com/watch?v=NabLI7HdoLQ
2026-08-01 13:36:30 | DEBUG    | download_manager_service.get_video_info | Metadatos obtenidos exitosamente para: Dónde Terminaré (En Vivo en el Estadio River Plate)
2026-08-01 13:36:30 | DEBUG    | download_manager_service.get_video_info | Metadatos obtenidos exitosamente para: Los Palmeras Ft. Axel - Olvídala (Videoclip Oficial)
2026-08-01 13:36:30 | INFO     | download_manager_service._download_with_retry | Descarga completada exitosamente: La Beriso TV - La Beriso - Ratas.mp3
2026-08-01 13:36:30 | INFO     | download_manager_service._download_with_retry | Iniciando descarga (Audio (MP3), 320) - Intento 1/3: https://www.youtube.com/watch?v=aCyga__HDPY
2026-08-01 13:36:30 | DEBUG    | download_manager_service.get_video_info | Obteniendo metadatos para: https://www.youtube.com/watch?v=aCyga__HDPY
2026-08-01 13:36:32 | DEBUG    | download_manager_service.get_video_info | Metadatos obtenidos exitosamente para: Los Palmeras Ft. Andrés Calamaro - Asesina (Videoclip Oficial)
2026-08-01 13:36:33 | INFO     | download_manager_service._download_with_retry | Descarga completada exitosamente: La Vela Puerca - Por la Ciudad.mp3
2026-08-01 13:36:33 | INFO     | download_manager_service._download_with_retry | Iniciando descarga (Audio (MP3), 320) - Intento 1/3: https://www.youtube.com/watch?v=yl4faTtCZYg
2026-08-01 13:36:33 | DEBUG    | download_manager_service.get_video_info | Obteniendo metadatos para: https://www.youtube.com/watch?v=yl4faTtCZYg
2026-08-01 13:36:35 | DEBUG    | download_manager_service.get_video_info | Metadatos obtenidos exitosamente para: Los Palmeras Ft. Marcela Morello - Amor (Videoclip Oficial)
2026-08-01 13:36:38 | INFO     | download_manager_service._download_with_retry | Descarga completada exitosamente: Dónde Terminaré (En Vivo en el Estadio River Plate).mp3
2026-08-01 13:36:38 | INFO     | download_manager_service._download_with_retry | Iniciando descarga (Audio (MP3), 320) - Intento 1/3: https://www.youtube.com/watch?v=3byNmGMvdQU
2026-08-01 13:36:38 | DEBUG    | download_manager_service.get_video_info | Obteniendo metadatos para: https://www.youtube.com/watch?v=3byNmGMvdQU
2026-08-01 13:36:40 | DEBUG    | download_manager_service.get_video_info | Metadatos obtenidos exitosamente para: Los Palmeras Ft. Coti - El Embrujo (Videoclip Oficial)
2026-08-01 13:36:40 | INFO     | download_manager_service._download_with_retry | Descarga completada exitosamente: Los Palmeras Ft. Andrés Calamaro - Asesina (Videoclip Oficial).mp3
2026-08-01 13:36:40 | INFO     | download_manager_service._download_with_retry | Iniciando descarga (Audio (MP3), 320) - Intento 1/3: https://www.youtube.com/watch?v=-4YKxtfwRnA
2026-08-01 13:36:40 | DEBUG    | download_manager_service.get_video_info | Obteniendo metadatos para: https://www.youtube.com/watch?v=-4YKxtfwRnA
2026-08-01 13:36:40 | INFO     | download_manager_service._download_with_retry | Descarga completada exitosamente: Los Palmeras Ft. Axel - Olvídala (Videoclip Oficial).mp3
2026-08-01 13:36:40 | INFO     | download_manager_service._download_with_retry | Iniciando descarga (Audio (MP3), 320) - Intento 1/3: https://www.youtube.com/watch?v=XZA3A37ILVo
2026-08-01 13:36:40 | DEBUG    | download_manager_service.get_video_info | Obteniendo metadatos para: https://www.youtube.com/watch?v=XZA3A37ILVo
2026-08-01 13:36:41 | DEBUG    | download_manager_service.get_video_info | Metadatos obtenidos exitosamente para: Los Palmeras Ft. Los Nocheros - Aprenderás a Llorar (Videoclip Oficial)
2026-08-01 13:36:41 | WARNING  | download_manager_service._download_with_retry | Intento 1 fallido para https://www.youtube.com/watch?v=3byNmGMvdQU. Error: [0;31mERROR:[0m unable to download video data: HTTP Error 403: Forbidden
2026-08-01 13:36:41 | INFO     | download_manager_service._download_with_retry | Degradando calidad a 320 para el siguiente intento.
2026-08-01 13:36:42 | DEBUG    | download_manager_service.get_video_info | Metadatos obtenidos exitosamente para: Leo Mattioli - Llorarás Más de Diez Veces (en vivo en el Opera)
2026-08-01 13:36:43 | INFO     | download_manager_service._download_with_retry | Iniciando descarga (Audio (MP3), 320) - Intento 2/3: https://www.youtube.com/watch?v=3byNmGMvdQU
2026-08-01 13:36:43 | DEBUG    | download_manager_service.get_video_info | Obteniendo metadatos para: https://www.youtube.com/watch?v=3byNmGMvdQU
2026-08-01 13:36:44 | INFO     | download_manager_service._download_with_retry | Descarga completada exitosamente: Los Palmeras Ft. Marcela Morello - Amor (Videoclip Oficial).mp3
2026-08-01 13:36:44 | INFO     | download_manager_service._download_with_retry | Iniciando descarga (Audio (MP3), 320) - Intento 1/3: https://www.youtube.com/watch?v=8e2Ikwd-6-g
2026-08-01 13:36:44 | DEBUG    | download_manager_service.get_video_info | Obteniendo metadatos para: https://www.youtube.com/watch?v=8e2Ikwd-6-g
2026-08-01 13:36:45 | DEBUG    | download_manager_service.get_video_info | Metadatos obtenidos exitosamente para: Los Palmeras Ft. Coti - El Embrujo (Videoclip Oficial)
2026-08-01 13:36:45 | DEBUG    | download_manager_service.get_video_info | Metadatos obtenidos exitosamente para: Q' Lokura -  Cuarteto Sessions #3
2026-08-01 13:36:49 | INFO     | download_manager_service._download_with_retry | Descarga completada exitosamente: Los Palmeras Ft. Los Nocheros - Aprenderás a Llorar (Videoclip Oficial).mp3
2026-08-01 13:36:49 | INFO     | download_manager_service._download_with_retry | Iniciando descarga (Audio (MP3), 320) - Intento 1/3: https://www.youtube.com/watch?v=4kuVj1lt_Dk
2026-08-01 13:36:49 | DEBUG    | download_manager_service.get_video_info | Obteniendo metadatos para: https://www.youtube.com/watch?v=4kuVj1lt_Dk
2026-08-01 13:36:49 | INFO     | download_manager_service._download_with_retry | Descarga completada exitosamente: Leo Mattioli - Llorarás Más de Diez Veces (en vivo en el Opera).mp3
2026-08-01 13:36:49 | INFO     | download_manager_service._download_with_retry | Iniciando descarga (Audio (MP3), 320) - Intento 1/3: https://www.youtube.com/watch?v=UY61aYp_XMU
2026-08-01 13:36:49 | DEBUG    | download_manager_service.get_video_info | Obteniendo metadatos para: https://www.youtube.com/watch?v=UY61aYp_XMU
2026-08-01 13:36:51 | DEBUG    | download_manager_service.get_video_info | Metadatos obtenidos exitosamente para: La Konga, Matias Valdez - LATIDOS (Video Oficial)
2026-08-01 13:36:51 | DEBUG    | download_manager_service.get_video_info | Metadatos obtenidos exitosamente para: Angela Leiva, Eugenia Quevedo - Cómo Lo Hizo - No Podrás (En Vivo)
2026-08-01 13:36:53 | INFO     | download_manager_service._download_with_retry | Descarga completada exitosamente: Los Palmeras Ft. Coti - El Embrujo (Videoclip Oficial).mp3
2026-08-01 13:36:53 | INFO     | download_manager_service._download_with_retry | Iniciando descarga (Audio (MP3), 320) - Intento 1/3: https://www.youtube.com/watch?v=66I0jRrkx2I
2026-08-01 13:36:53 | DEBUG    | download_manager_service.get_video_info | Obteniendo metadatos para: https://www.youtube.com/watch?v=66I0jRrkx2I
2026-08-01 13:36:54 | DEBUG    | download_manager_service.get_video_info | Metadatos obtenidos exitosamente para: Leo Mattioli - La Mujer que Quiero Tener (en vivo en el Opera)
2026-08-01 13:36:56 | INFO     | download_manager_service._download_with_retry | Descarga completada exitosamente: La Beriso - Enloquecer (Lyric Video).mp3
2026-08-01 13:36:56 | INFO     | download_manager_service._download_with_retry | Iniciando descarga (Audio (MP3), 320) - Intento 1/3: https://www.youtube.com/watch?v=P5iXvjML0hg
2026-08-01 13:36:56 | DEBUG    | download_manager_service.get_video_info | Obteniendo metadatos para: https://www.youtube.com/watch?v=P5iXvjML0hg
2026-08-01 13:36:57 | INFO     | download_manager_service._download_with_retry | Descarga completada exitosamente: La Konga, Matias Valdez - LATIDOS (Video Oficial).mp3
2026-08-01 13:36:57 | INFO     | download_manager_service._download_with_retry | Iniciando descarga (Audio (MP3), 320) - Intento 1/3: https://www.youtube.com/watch?v=pEI7r4TFi3g
2026-08-01 13:36:57 | DEBUG    | download_manager_service.get_video_info | Obteniendo metadatos para: https://www.youtube.com/watch?v=pEI7r4TFi3g
2026-08-01 13:36:58 | DEBUG    | download_manager_service.get_video_info | Metadatos obtenidos exitosamente para: Luciano Pereyra, Ezequiel y La Clave, Un Poco de Ruido y Pinky SD - Si No Es Muy Tarde
2026-08-01 13:36:59 | DEBUG    | download_manager_service.get_video_info | Metadatos obtenidos exitosamente para: La Kuppé - Cuidado Que Te Supero / Calumnia / Tattoo (Video Oficial)
2026-08-01 13:36:59 | INFO     | download_manager_service._download_with_retry | Descarga completada exitosamente: Q' Lokura - Cuarteto Sessions #3.mp3
2026-08-01 13:36:59 | INFO     | download_manager_service._download_with_retry | Iniciando descarga (Audio (MP3), 320) - Intento 1/3: https://www.youtube.com/watch?v=AhZvCgk1Ay4
2026-08-01 13:36:59 | DEBUG    | download_manager_service.get_video_info | Obteniendo metadatos para: https://www.youtube.com/watch?v=AhZvCgk1Ay4
2026-08-01 13:37:01 | DEBUG    | download_manager_service.get_video_info | Metadatos obtenidos exitosamente para: Emanero, Karina, J mena, Angela Torres - SINVERGÜENZA (Official Video)
2026-08-01 13:37:04 | INFO     | download_manager_service._download_with_retry | Descarga completada exitosamente: Luciano Pereyra, Ezequiel y La Clave, Un Poco de Ruido y Pinky SD - Si No Es Muy Tarde.mp3
2026-08-01 13:37:04 | INFO     | download_manager_service._download_with_retry | Iniciando descarga (Audio (MP3), 320) - Intento 1/3: https://www.youtube.com/watch?v=Nm18zDXBFWE
2026-08-01 13:37:04 | DEBUG    | download_manager_service.get_video_info | Obteniendo metadatos para: https://www.youtube.com/watch?v=Nm18zDXBFWE
2026-08-01 13:37:05 | DEBUG    | download_manager_service.get_video_info | Metadatos obtenidos exitosamente para: Soledad canta Late el Sur, la canción oficial de los Suramericanos Santa Fe 2026
2026-08-01 13:37:09 | INFO     | download_manager_service._download_with_retry | Descarga completada exitosamente: La Kuppé - Cuidado Que Te Supero Calumnia Tattoo (Video Oficial).mp3
2026-08-01 13:37:09 | INFO     | download_manager_service._download_with_retry | Iniciando descarga (Audio (MP3), 320) - Intento 1/3: https://www.youtube.com/watch?v=WLWDrHVc4w8
2026-08-01 13:37:09 | DEBUG    | download_manager_service.get_video_info | Obteniendo metadatos para: https://www.youtube.com/watch?v=WLWDrHVc4w8
2026-08-01 13:37:10 | DEBUG    | download_manager_service.get_video_info | Metadatos obtenidos exitosamente para: LEVANTARE BANDERA / PIEDRAS VIVAS feat. ULTIMA ESTACION (en vivo en San Miguel)
2026-08-01 13:37:10 | INFO     | download_manager_service._download_with_retry | Descarga completada exitosamente: Soledad canta Late el Sur, la canción oficial de los Suramericanos Santa Fe 2026.mp3
2026-08-01 13:37:10 | INFO     | download_manager_service._download_with_retry | Iniciando descarga (Audio (MP3), 320) - Intento 1/3: https://www.youtube.com/watch?v=xp7O8opDfHo
2026-08-01 13:37:10 | DEBUG    | download_manager_service.get_video_info | Obteniendo metadatos para: https://www.youtube.com/watch?v=xp7O8opDfHo
2026-08-01 13:37:12 | DEBUG    | download_manager_service.get_video_info | Metadatos obtenidos exitosamente para: CIRO y los Persas - HÉROES DE MALVINAS
2026-08-01 13:37:17 | INFO     | download_manager_service._download_with_retry | Descarga completada exitosamente: Leo Mattioli - La Mujer que Quiero Tener (en vivo en el Opera).mp3
2026-08-01 13:37:17 | INFO     | download_manager_service._download_with_retry | Iniciando descarga (Audio (MP3), 320) - Intento 1/3: https://www.youtube.com/watch?v=6_wOIilbj5U
2026-08-01 13:37:17 | DEBUG    | download_manager_service.get_video_info | Obteniendo metadatos para: https://www.youtube.com/watch?v=6_wOIilbj5U
2026-08-01 13:37:19 | DEBUG    | download_manager_service.get_video_info | Metadatos obtenidos exitosamente para: Dos imanes (Las Ventas 2015)
2026-08-01 13:37:19 | INFO     | download_manager_service._download_with_retry | Descarga completada exitosamente: LEVANTARE BANDERA PIEDRAS VIVAS feat. ULTIMA ESTACION (en vivo en San Miguel).mp3
2026-08-01 13:37:19 | INFO     | download_manager_service._download_with_retry | Iniciando descarga (Audio (MP3), 320) - Intento 1/3: https://www.youtube.com/watch?v=oTjWTEYgKlI
2026-08-01 13:37:19 | DEBUG    | download_manager_service.get_video_info | Obteniendo metadatos para: https://www.youtube.com/watch?v=oTjWTEYgKlI
2026-08-01 13:37:20 | DEBUG    | download_manager_service.get_video_info | Metadatos obtenidos exitosamente para: La Beriso - Encarcelado (En Vivo Estadio Unico 2017) (Official Audio)
2026-08-01 13:37:20 | INFO     | download_manager_service._download_with_retry | Descarga completada exitosamente: CIRO y los Persas - HÉROES DE MALVINAS.mp3
2026-08-01 13:37:20 | INFO     | download_manager_service._download_with_retry | Iniciando descarga (Audio (MP3), 320) - Intento 1/3: https://www.youtube.com/watch?v=ddVenHjMuwk
2026-08-01 13:37:20 | DEBUG    | download_manager_service.get_video_info | Obteniendo metadatos para: https://www.youtube.com/watch?v=ddVenHjMuwk
2026-08-01 13:37:21 | DEBUG    | download_manager_service.get_video_info | Metadatos obtenidos exitosamente para: Pulposa Satisfacción
2026-08-01 13:37:27 | INFO     | download_manager_service._download_with_retry | Descarga completada exitosamente: La Beriso - Encarcelado (En Vivo Estadio Unico 2017) (Official Audio).mp3
2026-08-01 13:37:27 | INFO     | download_manager_service._download_with_retry | Iniciando descarga (Audio (MP3), 320) - Intento 1/3: https://www.youtube.com/watch?v=FyNs1Ug0pNs
2026-08-01 13:37:27 | DEBUG    | download_manager_service.get_video_info | Obteniendo metadatos para: https://www.youtube.com/watch?v=FyNs1Ug0pNs
2026-08-01 13:37:28 | INFO     | download_manager_service._download_with_retry | Descarga completada exitosamente: Dos imanes (Las Ventas 2015).mp3
2026-08-01 13:37:28 | INFO     | download_manager_service._download_with_retry | Iniciando descarga (Audio (MP3), 320) - Intento 1/3: https://www.youtube.com/watch?v=6h6fdOGscPM
2026-08-01 13:37:28 | DEBUG    | download_manager_service.get_video_info | Obteniendo metadatos para: https://www.youtube.com/watch?v=6h6fdOGscPM
2026-08-01 13:37:28 | INFO     | download_manager_service._download_with_retry | Descarga completada exitosamente: Pulposa Satisfacción.mp3
2026-08-01 13:37:28 | INFO     | download_manager_service._download_with_retry | Iniciando descarga (Audio (MP3), 320) - Intento 1/3: https://www.youtube.com/watch?v=iZ0CVQBxohU
2026-08-01 13:37:28 | DEBUG    | download_manager_service.get_video_info | Obteniendo metadatos para: https://www.youtube.com/watch?v=iZ0CVQBxohU
2026-08-01 13:37:29 | DEBUG    | download_manager_service.get_video_info | Metadatos obtenidos exitosamente para: DAME
2026-08-01 13:37:29 | DEBUG    | download_manager_service.get_video_info | Metadatos obtenidos exitosamente para: La Beriso - Te Burlaste (Lyric Video)
2026-08-01 13:37:29 | DEBUG    | download_manager_service.get_video_info | Metadatos obtenidos exitosamente para: La Beriso - Legui (En Vivo Estadio Vélez Sarsfield) (Official Audio)
2026-08-01 13:37:31 | INFO     | download_manager_service._download_with_retry | Descarga completada exitosamente: Emanero, Karina, J mena, Angela Torres - SINVERGÜENZA (Official Video).mp3
2026-08-01 13:37:31 | INFO     | download_manager_service._download_with_retry | Iniciando descarga (Audio (MP3), 320) - Intento 1/3: https://www.youtube.com/watch?v=QOHXXYcuKCA
2026-08-01 13:37:31 | DEBUG    | download_manager_service.get_video_info | Obteniendo metadatos para: https://www.youtube.com/watch?v=QOHXXYcuKCA
2026-08-01 13:37:32 | DEBUG    | download_manager_service.get_video_info | Metadatos obtenidos exitosamente para: La Beriso - Me Vuelvo Loco (Official Audio)
2026-08-01 13:37:36 | INFO     | download_manager_service._download_with_retry | Descarga completada exitosamente: La Beriso - Legui (En Vivo Estadio Vélez Sarsfield) (Official Audio).mp3
2026-08-01 13:37:36 | INFO     | download_manager_service._download_with_retry | Iniciando descarga (Audio (MP3), 320) - Intento 1/3: https://www.youtube.com/watch?v=pW3y5nGBo9k
2026-08-01 13:37:36 | DEBUG    | download_manager_service.get_video_info | Obteniendo metadatos para: https://www.youtube.com/watch?v=pW3y5nGBo9k
2026-08-01 13:37:36 | INFO     | download_manager_service._download_with_retry | Descarga completada exitosamente: DAME.mp3
2026-08-01 13:37:36 | INFO     | download_manager_service._download_with_retry | Iniciando descarga (Audio (MP3), 320) - Intento 1/3: https://www.youtube.com/watch?v=wjv6j9QzvX4
2026-08-01 13:37:36 | DEBUG    | download_manager_service.get_video_info | Obteniendo metadatos para: https://www.youtube.com/watch?v=wjv6j9QzvX4
2026-08-01 13:37:37 | INFO     | download_manager_service._download_with_retry | Descarga completada exitosamente: La Beriso - Te Burlaste (Lyric Video).mp3
2026-08-01 13:37:37 | INFO     | download_manager_service._download_with_retry | Iniciando descarga (Audio (MP3), 320) - Intento 1/3: https://www.youtube.com/watch?v=foUVwOEwceI
2026-08-01 13:37:37 | DEBUG    | download_manager_service.get_video_info | Obteniendo metadatos para: https://www.youtube.com/watch?v=foUVwOEwceI
2026-08-01 13:37:37 | DEBUG    | download_manager_service.get_video_info | Metadatos obtenidos exitosamente para: La Beriso - Mi Destino (Lyric Video)
2026-08-01 13:37:38 | DEBUG    | download_manager_service.get_video_info | Metadatos obtenidos exitosamente para: Cacho Castaña y Leo Mattioli - Tramposa y Mentirosa
2026-08-01 13:37:38 | DEBUG    | download_manager_service.get_video_info | Metadatos obtenidos exitosamente para: Dale Q´ Va - Tanto la quería - Vivir sin aire - No podrás (en vivo Quality Arena)
2026-08-01 13:37:42 | INFO     | download_manager_service._download_with_retry | Descarga completada exitosamente: La Beriso - Me Vuelvo Loco (Official Audio).mp3
2026-08-01 13:37:42 | INFO     | download_manager_service._download_with_retry | Iniciando descarga (Audio (MP3), 320) - Intento 1/3: https://www.youtube.com/watch?v=wA6S57yVqA8
2026-08-01 13:37:42 | DEBUG    | download_manager_service.get_video_info | Obteniendo metadatos para: https://www.youtube.com/watch?v=wA6S57yVqA8
2026-08-01 13:37:43 | INFO     | download_manager_service._download_with_retry | Descarga completada exitosamente: Angela Leiva, Eugenia Quevedo - Cómo Lo Hizo - No Podrás (En Vivo).mp3
2026-08-01 13:37:43 | INFO     | download_manager_service._download_with_retry | Iniciando descarga (Audio (MP3), 320) - Intento 1/3: https://www.youtube.com/watch?v=Ov-cV4YiKT4
2026-08-01 13:37:43 | DEBUG    | download_manager_service.get_video_info | Obteniendo metadatos para: https://www.youtube.com/watch?v=Ov-cV4YiKT4
2026-08-01 13:37:43 | DEBUG    | download_manager_service.get_video_info | Metadatos obtenidos exitosamente para: Los Palmeras Ft. Soledad - La Suavecita (Videoclip Oficial)
2026-08-01 13:37:44 | DEBUG    | download_manager_service.get_video_info | Metadatos obtenidos exitosamente para: Los Palmeras Ft. La Mosca  - Qué Quiere la Chola (Videoclip Oficial)
2026-08-01 13:37:45 | INFO     | download_manager_service._download_with_retry | Descarga completada exitosamente: Cacho Castaña y Leo Mattioli - Tramposa y Mentirosa.mp3
2026-08-01 13:37:45 | INFO     | download_manager_service._download_with_retry | Iniciando descarga (Audio (MP3), 320) - Intento 1/3: https://www.youtube.com/watch?v=VBZKKlBcT4g
2026-08-01 13:37:45 | DEBUG    | download_manager_service.get_video_info | Obteniendo metadatos para: https://www.youtube.com/watch?v=VBZKKlBcT4g
2026-08-01 13:37:46 | INFO     | download_manager_service._download_with_retry | Descarga completada exitosamente: La Beriso - Mi Destino (Lyric Video).mp3
2026-08-01 13:37:46 | INFO     | download_manager_service._download_with_retry | Iniciando descarga (Audio (MP3), 320) - Intento 1/3: https://www.youtube.com/watch?v=XuSsTPrs_vY
2026-08-01 13:37:46 | DEBUG    | download_manager_service.get_video_info | Obteniendo metadatos para: https://www.youtube.com/watch?v=XuSsTPrs_vY
2026-08-01 13:37:46 | WARNING  | download_manager_service._download_with_retry | Intento 1 fallido para https://www.youtube.com/watch?v=Ov-cV4YiKT4. Error: [0;31mERROR:[0m unable to download video data: HTTP Error 403: Forbidden
2026-08-01 13:37:46 | INFO     | download_manager_service._download_with_retry | Degradando calidad a 320 para el siguiente intento.
2026-08-01 13:37:47 | DEBUG    | download_manager_service.get_video_info | Metadatos obtenidos exitosamente para: Los Palmeras Ft. Chaqueño Palavecino - Doble Vida (Videoclip Oficial)
2026-08-01 13:37:47 | DEBUG    | download_manager_service.get_video_info | Metadatos obtenidos exitosamente para: Angela Leiva - Homenaje a Gilda (En Vivo)
2026-08-01 13:37:48 | INFO     | download_manager_service._download_with_retry | Iniciando descarga (Audio (MP3), 320) - Intento 2/3: https://www.youtube.com/watch?v=Ov-cV4YiKT4
2026-08-01 13:37:48 | DEBUG    | download_manager_service.get_video_info | Obteniendo metadatos para: https://www.youtube.com/watch?v=Ov-cV4YiKT4
2026-08-01 13:37:49 | INFO     | download_manager_service._download_with_retry | Descarga completada exitosamente: Dale Q´ Va - Tanto la quería - Vivir sin aire - No podrás (en vivo Quality Arena).mp3
2026-08-01 13:37:49 | INFO     | download_manager_service._download_with_retry | Iniciando descarga (Audio (MP3), 320) - Intento 1/3: https://www.youtube.com/watch?v=ynSmneT1tiU
2026-08-01 13:37:49 | DEBUG    | download_manager_service.get_video_info | Obteniendo metadatos para: https://www.youtube.com/watch?v=ynSmneT1tiU
2026-08-01 13:37:50 | DEBUG    | download_manager_service.get_video_info | Metadatos obtenidos exitosamente para: Los Palmeras Ft. La Mosca  - Qué Quiere la Chola (Videoclip Oficial)
2026-08-01 13:37:50 | DEBUG    | download_manager_service.get_video_info | Metadatos obtenidos exitosamente para: Silvestre Dangond, ELENA ROSE - Efectos Secundarios (Official Video)
2026-08-01 13:37:51 | INFO     | download_manager_service._download_with_retry | Descarga completada exitosamente: Los Palmeras Ft. Soledad - La Suavecita (Videoclip Oficial).mp3
2026-08-01 13:37:51 | INFO     | download_manager_service._download_with_retry | Iniciando descarga (Audio (MP3), 320) - Intento 1/3: https://www.youtube.com/watch?v=q6kSvWkjuKg
2026-08-01 13:37:51 | DEBUG    | download_manager_service.get_video_info | Obteniendo metadatos para: https://www.youtube.com/watch?v=q6kSvWkjuKg
2026-08-01 13:37:53 | DEBUG    | download_manager_service.get_video_info | Metadatos obtenidos exitosamente para: La Beriso TV - La Beriso - El mundo a mis pies (Homenaje a Diego Armando Maradona)
2026-08-01 13:37:55 | INFO     | download_manager_service._download_with_retry | Descarga completada exitosamente: Los Palmeras Ft. Chaqueño Palavecino - Doble Vida (Videoclip Oficial).mp3
2026-08-01 13:37:55 | INFO     | download_manager_service._download_with_retry | Iniciando descarga (Audio (MP3), 320) - Intento 1/3: https://www.youtube.com/watch?v=mpiarPvQgNw
2026-08-01 13:37:55 | DEBUG    | download_manager_service.get_video_info | Obteniendo metadatos para: https://www.youtube.com/watch?v=mpiarPvQgNw
2026-08-01 13:37:57 | DEBUG    | download_manager_service.get_video_info | Metadatos obtenidos exitosamente para: Milo J - Solifican12 (Live from NPR's Tiny Desk - Audio)
2026-08-01 13:37:57 | INFO     | download_manager_service._download_with_retry | Descarga completada exitosamente: Silvestre Dangond, ELENA ROSE - Efectos Secundarios (Official Video).mp3
2026-08-01 13:37:57 | INFO     | download_manager_service._download_with_retry | Iniciando descarga (Audio (MP3), 320) - Intento 1/3: https://www.youtube.com/watch?v=hf5IFwApHKs
2026-08-01 13:37:57 | DEBUG    | download_manager_service.get_video_info | Obteniendo metadatos para: https://www.youtube.com/watch?v=hf5IFwApHKs
2026-08-01 13:37:58 | INFO     | download_manager_service._download_with_retry | Descarga completada exitosamente: Los Palmeras Ft. La Mosca - Qué Quiere la Chola (Videoclip Oficial).mp3
2026-08-01 13:37:58 | INFO     | download_manager_service._download_with_retry | Iniciando descarga (Audio (MP3), 320) - Intento 1/3: https://www.youtube.com/watch?v=8HYoGL4gOT8
2026-08-01 13:37:58 | DEBUG    | download_manager_service.get_video_info | Obteniendo metadatos para: https://www.youtube.com/watch?v=8HYoGL4gOT8
2026-08-01 13:37:58 | WARNING  | download_manager_service._download_with_retry | Intento 1 fallido para https://www.youtube.com/watch?v=mpiarPvQgNw. Error: [0;31mERROR:[0m unable to download video data: HTTP Error 403: Forbidden
2026-08-01 13:37:58 | INFO     | download_manager_service._download_with_retry | Degradando calidad a 320 para el siguiente intento.
2026-08-01 13:37:58 | INFO     | download_manager_service._download_with_retry | Descarga completada exitosamente: La Beriso TV - La Beriso - El mundo a mis pies (Homenaje a Diego Armando Maradona).mp3
2026-08-01 13:37:58 | INFO     | download_manager_service._download_with_retry | Iniciando descarga (Audio (MP3), 320) - Intento 1/3: https://www.youtube.com/watch?v=XbRE4yxSTxY
2026-08-01 13:37:58 | DEBUG    | download_manager_service.get_video_info | Obteniendo metadatos para: https://www.youtube.com/watch?v=XbRE4yxSTxY
2026-08-01 13:37:59 | DEBUG    | download_manager_service.get_video_info | Metadatos obtenidos exitosamente para: Efectos Secundarios
2026-08-01 13:37:59 | DEBUG    | download_manager_service.get_video_info | Metadatos obtenidos exitosamente para: One by One (Bright-Side Mix)
2026-08-01 13:38:00 | DEBUG    | download_manager_service.get_video_info | Metadatos obtenidos exitosamente para: Roze Oficial, Max Carra, Valen, RAMKY EN LOS CONTROLES - Tu jardín con enanitos (Official Video)
2026-08-01 13:38:00 | INFO     | download_manager_service._download_with_retry | Descarga completada exitosamente: Angela Leiva - Homenaje a Gilda (En Vivo).mp3
2026-08-01 13:38:00 | INFO     | download_manager_service._download_with_retry | Iniciando descarga (Audio (MP3), 320) - Intento 1/3: https://www.youtube.com/watch?v=b-9gJ1Gc8rE
2026-08-01 13:38:00 | DEBUG    | download_manager_service.get_video_info | Obteniendo metadatos para: https://www.youtube.com/watch?v=b-9gJ1Gc8rE
2026-08-01 13:38:00 | INFO     | download_manager_service._download_with_retry | Iniciando descarga (Audio (MP3), 320) - Intento 2/3: https://www.youtube.com/watch?v=mpiarPvQgNw
2026-08-01 13:38:00 | DEBUG    | download_manager_service.get_video_info | Obteniendo metadatos para: https://www.youtube.com/watch?v=mpiarPvQgNw
2026-08-01 13:38:01 | DEBUG    | download_manager_service.get_video_info | Metadatos obtenidos exitosamente para: Ariana Grande - kiss me (official visualizer)
2026-08-01 13:38:02 | DEBUG    | download_manager_service.get_video_info | Metadatos obtenidos exitosamente para: Milo J - Solifican12 (Live from NPR's Tiny Desk - Audio)
2026-08-01 13:38:05 | INFO     | download_manager_service._download_with_retry | Descarga completada exitosamente: Efectos Secundarios.mp3
2026-08-01 13:38:05 | INFO     | download_manager_service._download_with_retry | Iniciando descarga (Audio (MP3), 320) - Intento 1/3: https://www.youtube.com/watch?v=0J6tGMnBLlM
2026-08-01 13:38:05 | DEBUG    | download_manager_service.get_video_info | Obteniendo metadatos para: https://www.youtube.com/watch?v=0J6tGMnBLlM
2026-08-01 13:38:06 | DEBUG    | download_manager_service.get_video_info | Metadatos obtenidos exitosamente para: Ariana Grande - stay (official visualizer)
2026-08-01 13:38:07 | INFO     | download_manager_service._download_with_retry | Descarga completada exitosamente: Roze Oficial, Max Carra, Valen, RAMKY EN LOS CONTROLES - Tu jardín con enanitos (Official Video).mp3
2026-08-01 13:38:07 | INFO     | download_manager_service._download_with_retry | Iniciando descarga (Audio (MP3), 320) - Intento 1/3: https://www.youtube.com/watch?v=oRnxdl2SPWU
2026-08-01 13:38:07 | DEBUG    | download_manager_service.get_video_info | Obteniendo metadatos para: https://www.youtube.com/watch?v=oRnxdl2SPWU
2026-08-01 13:38:08 | INFO     | download_manager_service._download_with_retry | Descarga completada exitosamente: Milo J - Solifican12 (Live from NPR's Tiny Desk - Audio).mp3
2026-08-01 13:38:08 | INFO     | download_manager_service._download_with_retry | Iniciando descarga (Audio (MP3), 320) - Intento 1/3: https://www.youtube.com/watch?v=BeoL2D-37I4
2026-08-01 13:38:08 | DEBUG    | download_manager_service.get_video_info | Obteniendo metadatos para: https://www.youtube.com/watch?v=BeoL2D-37I4
2026-08-01 13:38:08 | DEBUG    | download_manager_service.get_video_info | Metadatos obtenidos exitosamente para: Ariana Grande - petal (official visualizer)
2026-08-01 13:38:09 | INFO     | download_manager_service._download_with_retry | Descarga completada exitosamente: Ariana Grande - kiss me (official visualizer).mp3
2026-08-01 13:38:09 | INFO     | download_manager_service._download_with_retry | Iniciando descarga (Audio (MP3), 320) - Intento 1/3: https://www.youtube.com/watch?v=XGKJxb2b3ZI
2026-08-01 13:38:09 | DEBUG    | download_manager_service.get_video_info | Obteniendo metadatos para: https://www.youtube.com/watch?v=XGKJxb2b3ZI
2026-08-01 13:38:10 | DEBUG    | download_manager_service.get_video_info | Metadatos obtenidos exitosamente para: Ariana Grande - never get over me (official visualizer)
2026-08-01 13:38:10 | DEBUG    | download_manager_service.get_video_info | Metadatos obtenidos exitosamente para: benny blanco, Selena Gomez, Becky G - Te Olvido (La La) [Official Music Video]
2026-08-01 13:38:12 | INFO     | download_manager_service._download_with_retry | Descarga completada exitosamente: Ariana Grande - stay (official visualizer).mp3
2026-08-01 13:38:12 | INFO     | download_manager_service._download_with_retry | Iniciando descarga (Audio (MP3), 320) - Intento 1/3: https://www.youtube.com/watch?v=WZNr8nPFJVw
2026-08-01 13:38:12 | DEBUG    | download_manager_service.get_video_info | Obteniendo metadatos para: https://www.youtube.com/watch?v=WZNr8nPFJVw
2026-08-01 13:38:13 | DEBUG    | download_manager_service.get_video_info | Metadatos obtenidos exitosamente para: Ariana Grande - bad thing (bunny hop) (official visualizer)
2026-08-01 13:38:17 | INFO     | download_manager_service._download_with_retry | Descarga completada exitosamente: Ariana Grande - petal (official visualizer).mp3
2026-08-01 13:38:17 | INFO     | download_manager_service._download_with_retry | Iniciando descarga (Audio (MP3), 320) - Intento 1/3: https://www.youtube.com/watch?v=ovyobyRXYew
2026-08-01 13:38:17 | DEBUG    | download_manager_service.get_video_info | Obteniendo metadatos para: https://www.youtube.com/watch?v=ovyobyRXYew
2026-08-01 13:38:17 | INFO     | download_manager_service._download_with_retry | Descarga completada exitosamente: benny blanco, Selena Gomez, Becky G - Te Olvido (La La) [Official Music Video].mp3
2026-08-01 13:38:17 | INFO     | download_manager_service._download_with_retry | Iniciando descarga (Audio (MP3), 320) - Intento 1/3: https://www.youtube.com/watch?v=yCpXjLibQZw
2026-08-01 13:38:17 | DEBUG    | download_manager_service.get_video_info | Obteniendo metadatos para: https://www.youtube.com/watch?v=yCpXjLibQZw
2026-08-01 13:38:17 | INFO     | download_manager_service._download_with_retry | Descarga completada exitosamente: Ariana Grande - never get over me (official visualizer).mp3
2026-08-01 13:38:17 | INFO     | download_manager_service._download_with_retry | Iniciando descarga (Audio (MP3), 320) - Intento 1/3: https://www.youtube.com/watch?v=PfRKtsz-Mwg
2026-08-01 13:38:18 | DEBUG    | download_manager_service.get_video_info | Obteniendo metadatos para: https://www.youtube.com/watch?v=PfRKtsz-Mwg
2026-08-01 13:38:18 | INFO     | download_manager_service._download_with_retry | Descarga completada exitosamente: One by One (Bright-Side Mix).mp3
2026-08-01 13:38:18 | INFO     | download_manager_service._download_with_retry | Iniciando descarga (Audio (MP3), 320) - Intento 1/3: https://www.youtube.com/watch?v=Tja6P2OoPoY
2026-08-01 13:38:18 | DEBUG    | download_manager_service.get_video_info | Metadatos obtenidos exitosamente para: Ariana Grande - freak (official visualizer)
2026-08-01 13:38:18 | DEBUG    | download_manager_service.get_video_info | Obteniendo metadatos para: https://www.youtube.com/watch?v=Tja6P2OoPoY
2026-08-01 13:38:19 | DEBUG    | download_manager_service.get_video_info | Metadatos obtenidos exitosamente para: Fred again.., LATIN MAFIA - Hey Hey
2026-08-01 13:38:19 | DEBUG    | download_manager_service.get_video_info | Metadatos obtenidos exitosamente para: Fred again.., LATIN MAFIA, Lil Yachty - Halo
2026-08-01 13:38:20 | DEBUG    | download_manager_service.get_video_info | Metadatos obtenidos exitosamente para: Ariana Grande - big feelings (official visualizer)
2026-08-01 13:38:20 | INFO     | download_manager_service._download_with_retry | Descarga completada exitosamente: Ariana Grande - bad thing (bunny hop) (official visualizer).mp3
2026-08-01 13:38:20 | INFO     | download_manager_service._download_with_retry | Iniciando descarga (Audio (MP3), 320) - Intento 1/3: https://www.youtube.com/watch?v=NugCpr0EVwU
2026-08-01 13:38:20 | DEBUG    | download_manager_service.get_video_info | Obteniendo metadatos para: https://www.youtube.com/watch?v=NugCpr0EVwU
2026-08-01 13:38:21 | DEBUG    | download_manager_service.get_video_info | Metadatos obtenidos exitosamente para: Fred again.., Brian Eno, LATIN MAFIA - Cmon (LATIN MAFIA & Fred edit)
2026-08-01 13:38:24 | INFO     | download_manager_service._download_with_retry | Descarga completada exitosamente: Fred again.., LATIN MAFIA - Hey Hey.mp3
2026-08-01 13:38:24 | INFO     | download_manager_service._download_with_retry | Iniciando descarga (Audio (MP3), 320) - Intento 1/3: https://www.youtube.com/watch?v=_lKbPBS5HEQ
2026-08-01 13:38:24 | DEBUG    | download_manager_service.get_video_info | Obteniendo metadatos para: https://www.youtube.com/watch?v=_lKbPBS5HEQ
2026-08-01 13:38:25 | DEBUG    | download_manager_service.get_video_info | Metadatos obtenidos exitosamente para: Ariana Grande - oh well (official visualizer)
2026-08-01 13:38:26 | INFO     | download_manager_service._download_with_retry | Descarga completada exitosamente: Ariana Grande - big feelings (official visualizer).mp3
2026-08-01 13:38:26 | INFO     | download_manager_service._download_with_retry | Iniciando descarga (Audio (MP3), 320) - Intento 1/3: https://www.youtube.com/watch?v=-2t3FsbPbwI
2026-08-01 13:38:26 | DEBUG    | download_manager_service.get_video_info | Obteniendo metadatos para: https://www.youtube.com/watch?v=-2t3FsbPbwI
2026-08-01 13:38:26 | INFO     | download_manager_service._download_with_retry | Descarga completada exitosamente: Fred again.., LATIN MAFIA, Lil Yachty - Halo.mp3
2026-08-01 13:38:26 | INFO     | download_manager_service._download_with_retry | Iniciando descarga (Audio (MP3), 320) - Intento 1/3: https://www.youtube.com/watch?v=fL9bWoQ60wk
2026-08-01 13:38:26 | DEBUG    | download_manager_service.get_video_info | Obteniendo metadatos para: https://www.youtube.com/watch?v=fL9bWoQ60wk
2026-08-01 13:38:27 | INFO     | download_manager_service._download_with_retry | Descarga completada exitosamente: Ariana Grande - freak (official visualizer).mp3
2026-08-01 13:38:27 | INFO     | download_manager_service._download_with_retry | Iniciando descarga (Audio (MP3), 320) - Intento 1/3: https://www.youtube.com/watch?v=k7SDstVAD78
2026-08-01 13:38:27 | DEBUG    | download_manager_service.get_video_info | Obteniendo metadatos para: https://www.youtube.com/watch?v=k7SDstVAD78
2026-08-01 13:38:28 | DEBUG    | download_manager_service.get_video_info | Metadatos obtenidos exitosamente para: Fred again.., LATIN MAFIA - Piensas En Mi
2026-08-01 13:38:28 | DEBUG    | download_manager_service.get_video_info | Metadatos obtenidos exitosamente para: Fred again.., LATIN MAFIA - I wish It wasn't
2026-08-01 13:38:28 | DEBUG    | download_manager_service.get_video_info | Metadatos obtenidos exitosamente para: Ariana Grande - nowhere, nobody (official visualizer)
2026-08-01 13:38:29 | INFO     | download_manager_service._download_with_retry | Descarga completada exitosamente: Fred again.., Brian Eno, LATIN MAFIA - Cmon (LATIN MAFIA & Fred edit).mp3
2026-08-01 13:38:29 | INFO     | download_manager_service._download_with_retry | Iniciando descarga (Audio (MP3), 320) - Intento 1/3: https://www.youtube.com/watch?v=qj43MfnUw3o
2026-08-01 13:38:29 | DEBUG    | download_manager_service.get_video_info | Obteniendo metadatos para: https://www.youtube.com/watch?v=qj43MfnUw3o
2026-08-01 13:38:31 | DEBUG    | download_manager_service.get_video_info | Metadatos obtenidos exitosamente para: LATIN MAFIA, Fred again.. - Alvafro
2026-08-01 13:38:32 | INFO     | download_manager_service._download_with_retry | Descarga completada exitosamente: Ariana Grande - oh well (official visualizer).mp3
2026-08-01 13:38:32 | INFO     | download_manager_service._download_with_retry | Iniciando descarga (Audio (MP3), 320) - Intento 1/3: https://www.youtube.com/watch?v=Qop3kRjZuN0
2026-08-01 13:38:32 | DEBUG    | download_manager_service.get_video_info | Obteniendo metadatos para: https://www.youtube.com/watch?v=Qop3kRjZuN0
2026-08-01 13:38:33 | DEBUG    | download_manager_service.get_video_info | Metadatos obtenidos exitosamente para: Leo Mattioli - Me Preocupa Sin Ti (En Directo Piel con Piel) | Versión Restaurada
2026-08-01 13:38:35 | INFO     | download_manager_service._download_with_retry | Descarga completada exitosamente: Fred again.., LATIN MAFIA - Piensas En Mi.mp3
2026-08-01 13:38:35 | INFO     | download_manager_service._download_with_retry | Iniciando descarga (Audio (MP3), 320) - Intento 1/3: https://www.youtube.com/watch?v=8KpMDCxEL5s
2026-08-01 13:38:35 | INFO     | download_manager_service._download_with_retry | Descarga completada exitosamente: Ariana Grande - nowhere, nobody (official visualizer).mp3
2026-08-01 13:38:35 | DEBUG    | download_manager_service.get_video_info | Obteniendo metadatos para: https://www.youtube.com/watch?v=8KpMDCxEL5s
2026-08-01 13:38:35 | INFO     | download_manager_service._download_with_retry | Iniciando descarga (Audio (MP3), 320) - Intento 1/3: https://www.youtube.com/watch?v=XCLcvz9LO64
2026-08-01 13:38:35 | DEBUG    | download_manager_service.get_video_info | Obteniendo metadatos para: https://www.youtube.com/watch?v=XCLcvz9LO64
2026-08-01 13:38:36 | INFO     | download_manager_service._download_with_retry | Descarga completada exitosamente: Fred again.., LATIN MAFIA - I wish It wasn't.mp3
2026-08-01 13:38:36 | INFO     | download_manager_service._download_with_retry | Iniciando descarga (Audio (MP3), 320) - Intento 1/3: https://www.youtube.com/watch?v=zkLWaIHC0fE
2026-08-01 13:38:36 | DEBUG    | download_manager_service.get_video_info | Obteniendo metadatos para: https://www.youtube.com/watch?v=zkLWaIHC0fE
2026-08-01 13:38:36 | DEBUG    | download_manager_service.get_video_info | Metadatos obtenidos exitosamente para: Así
2026-08-01 13:38:37 | DEBUG    | download_manager_service.get_video_info | Metadatos obtenidos exitosamente para: Fred again.., LATIN MAFIA, Mabe Fratti - Mabe
2026-08-01 13:38:38 | DEBUG    | download_manager_service.get_video_info | Metadatos obtenidos exitosamente para: Ariana Grande - warning signs (interlude) (official visualizer)
2026-08-01 13:38:40 | INFO     | download_manager_service._download_with_retry | Descarga completada exitosamente: LATIN MAFIA, Fred again.. - Alvafro.mp3
2026-08-01 13:38:40 | INFO     | download_manager_service._download_with_retry | Iniciando descarga (Audio (MP3), 320) - Intento 1/3: https://www.youtube.com/watch?v=fVa6cmgPCAs
2026-08-01 13:38:40 | DEBUG    | download_manager_service.get_video_info | Obteniendo metadatos para: https://www.youtube.com/watch?v=fVa6cmgPCAs
2026-08-01 13:38:41 | INFO     | download_manager_service._download_with_retry | Descarga completada exitosamente: Ariana Grande - warning signs (interlude) (official visualizer).mp3
2026-08-01 13:38:41 | INFO     | download_manager_service._download_with_retry | Iniciando descarga (Audio (MP3), 320) - Intento 1/3: https://www.youtube.com/watch?v=dfAnWGJTyhE
2026-08-01 13:38:41 | DEBUG    | download_manager_service.get_video_info | Obteniendo metadatos para: https://www.youtube.com/watch?v=dfAnWGJTyhE
2026-08-01 13:38:41 | INFO     | download_manager_service._download_with_retry | Descarga completada exitosamente: Leo Mattioli - Me Preocupa Sin Ti (En Directo Piel con Piel) Versión Restaurada.mp3
2026-08-01 13:38:41 | INFO     | download_manager_service._download_with_retry | Iniciando descarga (Audio (MP3), 320) - Intento 1/3: https://www.youtube.com/watch?v=I_nqxGlgBFs
2026-08-01 13:38:42 | DEBUG    | download_manager_service.get_video_info | Obteniendo metadatos para: https://www.youtube.com/watch?v=I_nqxGlgBFs
2026-08-01 13:38:42 | DEBUG    | download_manager_service.get_video_info | Metadatos obtenidos exitosamente para: The Durutti Column - For Friends Everywhere (Official Visualiser)
2026-08-01 13:38:42 | DEBUG    | download_manager_service.get_video_info | Metadatos obtenidos exitosamente para: Paola Jara - Mi Momento más Humilde (Video Oficial)
2026-08-01 13:38:43 | DEBUG    | download_manager_service.get_video_info | Metadatos obtenidos exitosamente para: The Durutti Column - Your Shadow at Evening (Official Visualiser)
2026-08-01 13:38:46 | INFO     | download_manager_service._download_with_retry | Descarga completada exitosamente: Fred again.., LATIN MAFIA, Mabe Fratti - Mabe.mp3
2026-08-01 13:38:46 | INFO     | download_manager_service._download_with_retry | Iniciando descarga (Audio (MP3), 320) - Intento 1/3: https://www.youtube.com/watch?v=Jj9T-RC3OOQ
2026-08-01 13:38:46 | DEBUG    | download_manager_service.get_video_info | Obteniendo metadatos para: https://www.youtube.com/watch?v=Jj9T-RC3OOQ
2026-08-01 13:38:47 | DEBUG    | download_manager_service.get_video_info | Metadatos obtenidos exitosamente para: Abraham Mateo, Maria Becerra, Big One - Así (Video Oficial)
2026-08-01 13:38:49 | INFO     | download_manager_service._download_with_retry | Descarga completada exitosamente: Paola Jara - Mi Momento más Humilde (Video Oficial).mp3
2026-08-01 13:38:49 | INFO     | download_manager_service._download_with_retry | Iniciando descarga (Audio (MP3), 320) - Intento 1/3: https://www.youtube.com/watch?v=LrP_NCLaboE
2026-08-01 13:38:49 | DEBUG    | download_manager_service.get_video_info | Obteniendo metadatos para: https://www.youtube.com/watch?v=LrP_NCLaboE
2026-08-01 13:38:50 | DEBUG    | download_manager_service.get_video_info | Metadatos obtenidos exitosamente para: Billy Strings - Mill Town Flood (Official Video)
2026-08-01 13:38:52 | INFO     | download_manager_service._download_with_retry | Descarga completada exitosamente: The Durutti Column - Your Shadow at Evening (Official Visualiser).mp3
2026-08-01 13:38:52 | INFO     | download_manager_service._download_with_retry | Iniciando descarga (Audio (MP3), 320) - Intento 1/3: https://www.youtube.com/watch?v=6gx2IGiXFrQ
2026-08-01 13:38:52 | DEBUG    | download_manager_service.get_video_info | Obteniendo metadatos para: https://www.youtube.com/watch?v=6gx2IGiXFrQ
2026-08-01 13:38:53 | INFO     | download_manager_service._download_with_retry | Descarga completada exitosamente: The Durutti Column - For Friends Everywhere (Official Visualiser).mp3
2026-08-01 13:38:53 | INFO     | download_manager_service._download_with_retry | Iniciando descarga (Audio (MP3), 320) - Intento 1/3: https://www.youtube.com/watch?v=w1zvVhUSmEk
2026-08-01 13:38:53 | DEBUG    | download_manager_service.get_video_info | Obteniendo metadatos para: https://www.youtube.com/watch?v=w1zvVhUSmEk
2026-08-01 13:38:53 | INFO     | download_manager_service._download_with_retry | Descarga completada exitosamente: Abraham Mateo, Maria Becerra, Big One - Así (Video Oficial).mp3
2026-08-01 13:38:53 | INFO     | download_manager_service._download_with_retry | Iniciando descarga (Audio (MP3), 320) - Intento 1/3: https://www.youtube.com/watch?v=SGp1sUM9Yt4
2026-08-01 13:38:53 | DEBUG    | download_manager_service.get_video_info | Obteniendo metadatos para: https://www.youtube.com/watch?v=SGp1sUM9Yt4
2026-08-01 13:38:54 | DEBUG    | download_manager_service.get_video_info | Metadatos obtenidos exitosamente para: ME LEVANTÉ (Y no me pueden parar) | Electro Pop Cover | Dj Sergio Roldan
2026-08-01 13:38:54 | DEBUG    | download_manager_service.get_video_info | Metadatos obtenidos exitosamente para: Armin van Buuren vs. SACHA - Everlasting (Tomorrowland Main Stage 2026)
2026-08-01 13:38:55 | DEBUG    | download_manager_service.get_video_info | Metadatos obtenidos exitosamente para: La Beriso - Cómo Olvidarme (En Vivo en el Estadio River Plate)
2026-08-01 13:39:00 | INFO     | download_manager_service._download_with_retry | Descarga completada exitosamente: Billy Strings - Mill Town Flood (Official Video).mp3
2026-08-01 13:39:00 | INFO     | download_manager_service._download_with_retry | Iniciando descarga (Audio (MP3), 320) - Intento 1/3: https://www.youtube.com/watch?v=D9bRkbTgMss
2026-08-01 13:39:00 | DEBUG    | download_manager_service.get_video_info | Obteniendo metadatos para: https://www.youtube.com/watch?v=D9bRkbTgMss
2026-08-01 13:39:01 | DEBUG    | download_manager_service.get_video_info | Metadatos obtenidos exitosamente para: AI Animated Short Film - The Art Of Being Strange - Kelly Boesch | 4K
2026-08-01 13:39:02 | INFO     | download_manager_service._download_with_retry | Descarga completada exitosamente: ME LEVANTÉ (Y no me pueden parar) Electro Pop Cover Dj Sergio Roldan.mp3
2026-08-01 13:39:02 | INFO     | download_manager_service._download_with_retry | Iniciando descarga (Audio (MP3), 320) - Intento 1/3: https://www.youtube.com/watch?v=afSgBNwmZrQ
2026-08-01 13:39:02 | DEBUG    | download_manager_service.get_video_info | Obteniendo metadatos para: https://www.youtube.com/watch?v=afSgBNwmZrQ
2026-08-01 13:39:03 | INFO     | download_manager_service._download_with_retry | Descarga completada exitosamente: Armin van Buuren vs. SACHA - Everlasting (Tomorrowland Main Stage 2026).mp3
2026-08-01 13:39:03 | INFO     | download_manager_service._download_with_retry | Iniciando descarga (Audio (MP3), 320) - Intento 1/3: https://www.youtube.com/watch?v=oQfWa3WQXqg
2026-08-01 13:39:03 | DEBUG    | download_manager_service.get_video_info | Obteniendo metadatos para: https://www.youtube.com/watch?v=oQfWa3WQXqg
2026-08-01 13:39:04 | DEBUG    | download_manager_service.get_video_info | Metadatos obtenidos exitosamente para: Ariana Grande - petal (official music video)
2026-08-01 13:39:04 | DEBUG    | download_manager_service.get_video_info | Metadatos obtenidos exitosamente para: Slayyyter - brand new chanel$ (Official Video)
2026-08-01 13:39:09 | INFO     | download_manager_service._download_with_retry | Descarga completada exitosamente: AI Animated Short Film - The Art Of Being Strange - Kelly Boesch 4K.mp3
2026-08-01 13:39:09 | INFO     | download_manager_service._download_with_retry | Iniciando descarga (Audio (MP3), 320) - Intento 1/3: https://www.youtube.com/watch?v=xYHGE93zeQY
2026-08-01 13:39:09 | DEBUG    | download_manager_service.get_video_info | Obteniendo metadatos para: https://www.youtube.com/watch?v=xYHGE93zeQY
2026-08-01 13:39:10 | DEBUG    | download_manager_service.get_video_info | Metadatos obtenidos exitosamente para: DHURATA DORA ft GJESTI - GASOLINA (Official Video)
2026-08-01 13:39:12 | INFO     | download_manager_service._download_with_retry | Descarga completada exitosamente: Slayyyter - brand new chanel$ (Official Video).mp3
2026-08-01 13:39:12 | INFO     | download_manager_service._download_with_retry | Iniciando descarga (Audio (MP3), 320) - Intento 1/3: https://www.youtube.com/watch?v=725agrIdBRk
2026-08-01 13:39:12 | DEBUG    | download_manager_service.get_video_info | Obteniendo metadatos para: https://www.youtube.com/watch?v=725agrIdBRk
2026-08-01 13:39:13 | INFO     | download_manager_service._download_with_retry | Descarga completada exitosamente: La Beriso - Cómo Olvidarme (En Vivo en el Estadio River Plate).mp3
2026-08-01 13:39:13 | INFO     | download_manager_service._download_with_retry | Iniciando descarga (Audio (MP3), 320) - Intento 1/3: https://www.youtube.com/watch?v=w3_N_hFEj1I
2026-08-01 13:39:13 | DEBUG    | download_manager_service.get_video_info | Obteniendo metadatos para: https://www.youtube.com/watch?v=w3_N_hFEj1I
2026-08-01 13:39:14 | DEBUG    | download_manager_service.get_video_info | Metadatos obtenidos exitosamente para: GRUPO RED MIX | Nico Vallorani + Emus DJ
2026-08-01 13:39:14 | DEBUG    | download_manager_service.get_video_info | Metadatos obtenidos exitosamente para: Arca - Willow (Audio)
2026-08-01 13:39:16 | INFO     | download_manager_service._download_with_retry | Descarga completada exitosamente: DHURATA DORA ft GJESTI - GASOLINA (Official Video).mp3
2026-08-01 13:39:16 | INFO     | download_manager_service._download_with_retry | Iniciando descarga (Audio (MP3), 320) - Intento 1/3: https://www.youtube.com/watch?v=3ABFdpylwgc
2026-08-01 13:39:16 | DEBUG    | download_manager_service.get_video_info | Obteniendo metadatos para: https://www.youtube.com/watch?v=3ABFdpylwgc
2026-08-01 13:39:16 | INFO     | download_manager_service._download_with_retry | Descarga completada exitosamente: Así.mp3
2026-08-01 13:39:16 | INFO     | download_manager_service._download_with_retry | Iniciando descarga (Audio (MP3), 320) - Intento 1/3: https://www.youtube.com/watch?v=McwgbEBlqgY
2026-08-01 13:39:16 | DEBUG    | download_manager_service.get_video_info | Obteniendo metadatos para: https://www.youtube.com/watch?v=McwgbEBlqgY
2026-08-01 13:39:17 | INFO     | download_manager_service._download_with_retry | Descarga completada exitosamente: Ariana Grande - petal (official music video).mp3
2026-08-01 13:39:17 | INFO     | download_manager_service._download_with_retry | Iniciando descarga (Audio (MP3), 320) - Intento 1/3: https://www.youtube.com/watch?v=BD5T4kyW6c4
2026-08-01 13:39:17 | DEBUG    | download_manager_service.get_video_info | Obteniendo metadatos para: https://www.youtube.com/watch?v=BD5T4kyW6c4
2026-08-01 13:39:17 | DEBUG    | download_manager_service.get_video_info | Metadatos obtenidos exitosamente para: GROWiNG OLDER
2026-08-01 13:39:18 | DEBUG    | download_manager_service.get_video_info | Metadatos obtenidos exitosamente para: One song away from crying
2026-08-01 13:39:18 | DEBUG    | download_manager_service.get_video_info | Metadatos obtenidos exitosamente para: Enraptured
2026-08-01 13:39:22 | INFO     | download_manager_service._download_with_retry | Descarga completada exitosamente: Enraptured.mp3
2026-08-01 13:39:22 | INFO     | download_manager_service._download_with_retry | Iniciando descarga (Audio (MP3), 320) - Intento 1/3: https://www.youtube.com/watch?v=_Pk6xfju3l0
2026-08-01 13:39:22 | DEBUG    | download_manager_service.get_video_info | Obteniendo metadatos para: https://www.youtube.com/watch?v=_Pk6xfju3l0
2026-08-01 13:39:24 | DEBUG    | download_manager_service.get_video_info | Metadatos obtenidos exitosamente para: ILLIT (아일릿) 'I Got Your Back (Feat. JISOO, MOMOKA of HANA)' Official MV
2026-08-01 13:39:24 | INFO     | download_manager_service._download_with_retry | Descarga completada exitosamente: GROWiNG OLDER.mp3
2026-08-01 13:39:24 | INFO     | download_manager_service._download_with_retry | Iniciando descarga (Audio (MP3), 320) - Intento 1/3: https://www.youtube.com/watch?v=Cv1AXnX8DjU
2026-08-01 13:39:24 | DEBUG    | download_manager_service.get_video_info | Obteniendo metadatos para: https://www.youtube.com/watch?v=Cv1AXnX8DjU
2026-08-01 13:39:25 | INFO     | download_manager_service._download_with_retry | Descarga completada exitosamente: One song away from crying.mp3
2026-08-01 13:39:25 | INFO     | download_manager_service._download_with_retry | Iniciando descarga (Audio (MP3), 320) - Intento 1/3: https://www.youtube.com/watch?v=BLSKmBac59Y
2026-08-01 13:39:25 | DEBUG    | download_manager_service.get_video_info | Obteniendo metadatos para: https://www.youtube.com/watch?v=BLSKmBac59Y
2026-08-01 13:39:26 | DEBUG    | download_manager_service.get_video_info | Metadatos obtenidos exitosamente para: Five Nights at Freddy's: Secret of the Mimic Song - It Doesn't Matter - The Living Tombstone
2026-08-01 13:39:26 | DEBUG    | download_manager_service.get_video_info | Metadatos obtenidos exitosamente para: GIRLS vs BOYS
2026-08-01 13:39:29 | INFO     | download_manager_service._download_with_retry | Descarga completada exitosamente: GRUPO RED MIX Nico Vallorani + Emus DJ.mp3
2026-08-01 13:39:30 | INFO     | download_manager_service._download_with_retry | Descarga completada exitosamente: ILLIT (아일릿) 'I Got Your Back (Feat. JISOO, MOMOKA of HANA)' Official MV.mp3
2026-08-01 13:39:33 | INFO     | download_manager_service._download_with_retry | Descarga completada exitosamente: GIRLS vs BOYS.mp3
2026-08-01 13:39:33 | INFO     | download_manager_service._download_with_retry | Descarga completada exitosamente: Five Nights at Freddy's Secret of the Mimic Song - It Doesn't Matter - The Living Tombstone.mp3
2026-08-01 13:39:41 | INFO     | download_manager_service._download_with_retry | Descarga completada exitosamente: Arca - Willow (Audio).mp3
2026-08-01 13:39:41 | INFO     | download_manager_service.download_batch_parallel | Proceso paralelo finalizado. Completados: 331/331
